date,configured_baseline_value,ridge_walkforward_value,tree_walkforward_value,mlp_walkforward_value,tcn_walkforward_value,hybrid_sequence_walkforward_value,benchmark_value
2025-03-17,100000.0,100000.0,100000.0,100000.0,100000.0,100000.0,100000.0
2025-03-18,98729.42094489309,100000.0,100000.0,100000.0,100000.0,100000.0,98919.14862852331
2025-03-19,99948.98661532848,100000.0,100000.0,100000.0,100000.0,100000.0,99996.47225373119
2025-03-20,99748.71758876761,100000.0,100000.0,100000.0,100000.0,100000.0,99707.28416453495
2025-03-21,100231.13981885408,100000.0,100000.0,100000.0,100000.0,100000.0,99740.18802016565
2025-03-24,101976.68952029347,100000.0,100000.0,100000.0,100000.0,100000.0,101526.38177139466
2025-03-25,102365.41371990088,100000.0,100000.0,100000.0,100000.0,100000.0,101770.4386621828
2025-03-26,101630.4947786415,100000.0,100000.0,100000.0,100000.0,100000.0,100555.46760385674
2025-03-27,101769.17304280854,100000.0,100000.0,100000.0,100000.0,100000.0,100288.42592179248
2025-03-28,99863.60061759005,100000.0,100000.0,100000.0,100000.0,100000.0,98268.79118289905
2025-03-31,100371.37787281399,99904.0,99904.0,99904.0,99904.0,99904.0,98928.44707084913
2025-04-01,99338.20972159324,99013.26692696329,98810.29853250922,98399.0425713692,99336.75972595169,99017.05746622376,99207.85764106577
2025-04-02,99270.37377085123,99468.20806658475,99073.5145091013,98556.21409010045,99195.53768420687,99093.62263385109,99835.69848396193
2025-04-03,96706.12540936546,96418.07584635969,94549.96677806534,96821.77958814467,96873.1463222119,96110.29486934264,94915.70101871296
2025-04-04,91125.5473951603,90050.36047281555,88575.47492170663,90243.99356039413,91745.7940373011,90415.6204312345,89359.05967705444
2025-04-07,90454.47719851533,90089.0275615889,88139.14894763938,89734.39050838044,90960.84875629713,89661.13728257707,89199.89190288594
2025-04-08,89094.19874153507,88004.07686407321,86575.96879523319,87820.10236880854,89279.40454092232,88077.30486206069,87802.77916722106
2025-04-09,94034.4147581385,96503.94705066686,94601.78270072294,94357.16930344282,94509.7638177304,93415.09090599735,97023.76895265351
2025-04-10,91405.38130357704,92316.23574370627,90731.57082438437,90739.7655893317,91870.43760521109,90063.58439784822,92772.27940534393
2025-04-11,92945.7877107515,93681.76298850877,92636.49548155475,91694.07122836214,93319.41316591605,91688.79871388957,94427.58723713663
2025-04-14,93326.91950657513,94536.16930979666,93244.74526051129,93041.7386104478,94090.2036718282,92518.48823153973,95343.67979213297
2025-04-15,92937.27337358693,94204.21836994271,92890.838905095,93317.53443557378,93695.5722652546,92612.04222744824,95076.62722196295
2025-04-16,92200.36396094381,92070.66919418174,91301.36426214929,91327.58112297498,92326.08514276036,91095.99840120874,92963.26766861918
2025-04-17,90916.59527682356,92081.24660809968,92322.5158152872,93358.20815378017,92967.82401264961,93527.01976278157,93095.90657308411
2025-04-21,88961.3159274036,89922.61406166006,90612.39282953026,91866.69928451105,91188.73695049885,91416.77371813227,90879.97017530067
2025-04-22,90347.8567330143,91847.317082171,92069.613033134,93926.125715245,92950.15280218406,93197.61559575702,93244.4747762875
2025-04-23,90378.49525882953,93570.82075315432,93661.01618248527,94958.77308936957,93491.39762601232,93731.05769413826,94689.32641169189
2025-04-24,91017.48579408933,95658.14188113467,95376.15085190386,96752.92666480373,94364.89479528257,94866.16487164197,96682.44861304041
2025-04-25,91443.86813752733,96133.88121622252,96633.1188828228,97279.03725442308,95140.79570933958,96114.86568238464,97381.0077028993
2025-04-28,92031.26699550141,96928.87904094005,97546.86356247289,97932.82181791007,95687.13084843894,96532.70699249055,97418.13614356794
2025-04-29,91834.31540173515,96914.60570551334,97559.61527715313,98210.73770547759,96026.76401982173,96760.34860402741,98031.81156086005
2025-04-30,91538.9610176128,96577.57359715104,97761.66030976438,98041.6335780989,95961.85771689954,96801.77955678536,98070.72565087462
2025-05-01,90427.23373134749,97287.31692473989,98207.61784391965,98401.33619027093,96278.79740236426,96922.49657885944,98765.73521825316
2025-05-02,92250.87038336783,99257.88925878111,100085.41036582964,100466.9549857345,98236.33460142108,98562.45600933851,100231.82954801075
2025-05-05,91910.41163987962,98939.87830706296,99575.92599368593,100012.03243261774,97849.0549612008,98461.53318055994,99657.05733262749
2025-05-06,91070.97307723884,98561.78889528345,99233.62008918021,99463.98325537729,96969.83331688844,97813.70746268852,98824.09546516927
2025-05-07,91877.22623037735,99566.5784874282,99892.76739998088,100329.41137857088,97656.08683813311,98344.33074172967,99239.70535043694
2025-05-08,91778.76016948622,100200.26682957646,100607.13160448811,101345.09551193373,98090.19849031608,98772.70802548119,99931.18717154667
2025-05-09,91428.68011234708,100107.13509082174,100715.42628857846,101568.7318157721,98009.07902278914,98602.66965296981,99803.85077459071
2025-05-12,92896.52166236858,102361.89000067684,102599.12080930594,103625.37291586329,99924.84726541933,100120.67845277167,103102.1193262353
2025-05-13,93374.02618058906,104328.76800219431,103940.3524818155,105128.96437999968,101038.71779917466,99230.50837705312,103783.00702043284
2025-05-14,92693.61435081254,104902.24290799575,103932.76913649552,104599.99346648656,100408.221386797,99151.27608555008,103915.64592489778
2025-05-15,94015.17549200004,105846.65957553317,104967.39267163633,105606.48390183742,101645.49630994842,98788.49544556682,104423.19497526984
2025-05-16,94814.203651732,106212.90111722871,105263.17720576163,105983.00809114751,102102.7377445404,99838.96665813122,105084.60384824856
2025-05-19,95223.0626517645,106499.92039184034,105360.81965607696,106089.03275925305,102475.79097431501,101077.91485412714,105199.56046894637
2025-05-20,95159.64375740668,106394.44553164406,105256.07301977646,106030.2124294003,102425.29498319504,101302.75807589582,104845.86035307513
2025-05-21,94078.81726409172,105134.82974689819,104095.09014231688,104672.23975879254,101245.84834408817,99633.70306868902,103079.1345349592
2025-05-22,93909.05786746753,105242.45420187652,104079.15205605891,104596.23769517938,101303.99839739523,99393.25884460782,103119.80161000245
2025-05-23,93483.3584484177,104619.89844707643,103723.67411416776,103817.63432005484,100893.63024283772,98899.35911008336,102415.94001263457
2025-05-27,94869.18776809963,106458.18661828728,105264.68606719312,105553.0156764637,102440.73157365885,100233.68238520782,104545.2288647168
2025-05-28,94921.85489230801,106536.60923370192,105240.67086101003,105584.32485074447,102404.70916247877,100495.57248569671,103940.39458930826
2025-05-29,95376.26540598938,107351.72223325682,105811.03161671801,105905.85726807664,102958.76007309965,100875.07956581787,104350.6801908554
2025-05-30,96388.61679656147,107742.99448518916,106455.64860759347,106223.24247207922,103702.30720965093,101723.45960406697,104233.97058512895
2025-06-02,97267.32283798349,108838.04350354544,107537.61364915589,107302.84544720965,104740.40864154632,102741.75198264299,104821.11168866462
2025-06-03,98050.61465659029,109409.93112286656,108102.66818227312,107866.66639486559,105135.04361507458,103128.85653092366,105418.868695324
2025-06-04,98584.63086256577,109872.82471180557,108560.03097864104,108323.03071044436,105578.9420482204,103564.28449340022,105390.55962032737
2025-06-05,98360.93181357437,109229.1152698241,107924.01277171819,107688.40101165163,105105.6201529076,103099.99452731267,104881.22492060934
2025-06-06,98378.35006606279,109356.44771667034,108049.82381198653,107813.93739051819,105158.59160847835,103151.95518147657,105958.2545669615
2025-06-09,98371.89496818047,109053.83974067602,107750.83148759244,107515.59780415698,104835.91809609116,102835.438925611,106053.75414265202
2025-06-10,98233.6407721827,108694.4454501553,107395.73134872904,107161.27289377675,104501.57472207102,102507.47549243234,106655.03889558022
2025-06-11,98605.81791784088,108832.62146743054,107532.256397168,107297.49989077999,104560.043322726,102564.82839514845,106350.8687728473
2025-06-12,98441.47129824883,108542.94596020768,107246.04202049796,107011.91035626798,104390.67125473745,102398.68828525429,106773.5341506526
2025-06-13,96486.38819127502,106401.32114097918,105130.00598219731,104900.49389207824,102519.79956483268,100563.51657217297,105579.794898574
2025-06-16,97701.87493857006,107592.17911453643,106306.63522459309,106074.55440412732,103268.79417606285,101298.21886693586,106584.29887240595
2025-06-17,97204.51213799026,107002.40484121726,105723.90775262837,105493.09909988305,102514.48395909439,100558.30239883259,105673.5306011301
2025-06-18,96852.22870751144,106497.55458713009,105225.08960203438,104995.36993235593,101694.9455688621,99754.40244158053,105657.61219049738
2025-06-20,96730.30337153097,106746.07704688159,105470.6426402882,105240.38689729254,101809.83088656557,99867.09551745284,105409.46137194049
2025-06-23,97905.49014702122,108304.52418691733,107010.46898264922,106776.85160413427,103275.72719310508,101305.01958813489,106450.6473741046
2025-06-24,99772.71631290804,109989.16902602947,108674.98517581823,108437.73394808047,104820.23979435298,102820.0597972537,107626.62812567569
2025-06-25,100184.50464576267,109668.63659910328,108358.28256725204,108121.72274133586,104396.98725834134,102404.8837668665,107686.93734352423
2025-06-26,101491.64111800646,110998.73571153669,109672.48925329273,109433.06034808238,105434.09951417333,103422.20584483843,108529.45896784672
2025-06-27,102747.99216224039,112150.90174389843,110810.88885750614,110568.97468208094,106633.65880588003,104598.87514406549,109068.67062979193
2025-06-30,103442.48868774169,113030.3515298563,111733.01993814363,111436.01952617668,107373.59649463123,105299.58961052526,109590.15645554695
2025-07-01,101199.1584063877,111260.86936797395,109928.88804527993,109527.213710314,105938.3804585906,103565.96428538434,109554.68300695503
2025-07-02,102535.92908703073,112425.47856507395,110058.84606933572,109986.55059684812,107417.86521109748,104717.5080325636,110051.32217534764
2025-07-03,103818.54400645681,114149.34008763696,111521.42311877052,111460.0636396236,109196.0584037644,106302.16071804552,110918.67956892676
2025-07-07,102809.18610197616,113662.42312807315,111163.24218081868,111239.76671393572,108428.00383642956,105900.98691952872,110092.11990766008
2025-07-08,102873.49621135795,113447.53400928949,110108.16506080802,110871.21534368605,107746.21583270794,105735.36967513122,110031.82157791726
2025-07-09,103986.08021526397,115107.96188152915,111560.2055812702,112604.1979156108,109134.34145421488,107333.16638931421,110691.64078745386
2025-07-10,104184.52497780343,115204.41497357498,111417.19825709639,112661.87571441008,109100.72711194005,107466.00321176616,111003.82455603198
2025-07-11,103910.77962997774,114733.84119984979,111027.60371226215,112506.72218014221,108766.99223826398,107226.27160003864,110613.59484530934
2025-07-14,104185.57316801992,115445.60006239403,112124.66172942938,113271.57004973873,109303.52764355298,107908.40280138302,110824.66077562065
2025-07-15,105725.01840226146,116166.78366523763,111829.95552161791,113718.10248479615,110143.07527124856,108776.77668496246,110351.08261524454
2025-07-16,106350.80988373376,116682.51882955657,111771.41604649658,113849.35236237226,110515.09615069066,109217.62577388763,110720.0151910851
2025-07-17,107464.97071019457,117390.40258186028,112355.24080459279,114282.52520285589,111926.60782151576,109856.89924715606,111397.5820130234
2025-07-18,106233.2017422021,117117.50913213291,111695.55867056173,114154.5686042595,110842.05211704518,109607.26116567024,111315.99743650429
2025-07-21,106647.96186053271,117331.08753924113,112336.17188367648,114469.61071583748,111094.98128835787,109751.35306296253,111527.07425492139
2025-07-22,104608.59059959497,115621.79461699816,110891.5850004071,112979.2718433099,109288.9953975155,108063.48675538646,111543.03621797716
2025-07-23,105976.35173247973,117565.19129495378,112339.57148335107,114678.55681982863,110771.45821088938,109807.72453700984,112491.98907618117
2025-07-24,106968.96907745628,118203.98298666682,112700.54061680552,115385.04664589748,111337.78136634316,110598.237963321,112529.2263979075
2025-07-25,107687.08292573746,118923.93079018843,113369.42457074043,116033.94997397263,111963.02975310737,111267.6417384614,113004.59020762956
2025-07-28,108707.65179411415,119533.1013299253,113468.19212938803,116448.39373033724,112528.33361794338,111955.81766465836,112976.21580399835
2025-07-29,108924.30629020544,118894.49249854298,112708.19811160218,115700.11930821961,112144.24577086393,111351.61500859598,112678.21923723584
2025-07-30,109696.3381477073,119586.4190254326,113337.66281613929,116357.16820196163,112977.24713508421,111954.19206675304,112536.32544286818
2025-07-31,110654.63606641104,120252.60605229455,113410.10642722866,117351.99570567685,112259.70028035452,113066.92901642923,112114.18269413976
2025-08-01,107672.88152139272,118028.99014346153,111871.37921890631,115109.80704564178,109149.3309760251,111549.50691691387,110276.57530747459
2025-08-04,110187.46444146521,121052.83975313774,114340.21582727696,118095.25169214743,111299.65924556118,114227.31137135897,111952.7556380244
2025-08-05,109541.18002396399,120157.58181087965,113794.13425181601,117322.63309328168,110825.92662501668,113489.87313277177,111385.1586843422
2025-08-06,109774.17481073606,120340.86258980157,113444.10690170033,117224.00079872354,111052.13153791933,113367.88438094252,112238.33976421147
2025-08-07,110314.33372880255,121061.74170487325,113839.72142500068,117688.91862942599,111582.83719842746,114350.1586672217,112144.32097090539
2025-08-08,111051.04167065804,122152.81151582417,114475.58277175913,118397.7567061581,112392.40835031388,115654.24761260502,113018.77740944522
2025-08-11,110952.09162864716,121677.40379291738,114391.96426215835,118118.63013902011,111901.8282541761,115068.49511400633,112795.28815045266
2025-08-12,112262.4610318681,123760.64618713873,116231.68903071321,120474.27341373915,113409.52077551762,116887.65840766176,113996.11555938618
2025-08-13,111558.69050089478,122779.52972741677,115842.92076224649,119743.16803750659,113164.5157369709,117266.46850786812,114386.33438200303
2025-08-14,112012.32477378649,122529.4477575182,115999.17657059626,119772.21921823418,113235.36410187923,116981.18319248865,114396.97206133833
2025-08-15,111526.70292463893,121521.56116549016,115404.8652433998,119112.95011238205,112553.49844554414,116056.58367548713,114129.14643565875
2025-08-18,111507.74089364421,121243.41226583357,115202.63700597466,118683.07028016745,112238.37301020035,115688.30425289868,114104.29977829632
2025-08-19,108416.42457903428,117638.6992128172,112485.98055056161,115008.24219913113,109112.36671439784,113485.59237819415,113485.26741296641
2025-08-20,107689.32155296054,117421.7807373064,112433.01047865655,114710.4289481856,108706.89922209684,113311.80886892672,113183.73221182935
2025-08-21,107381.63052352643,116937.34457630465,112057.78908040946,114165.2949589641,108092.4122962399,112858.64073090754,112729.65464888359
2025-08-22,109076.12801791975,118532.97199695928,113744.18717445072,116158.13860890857,109955.08604693104,115064.05610792602,114460.83080166722
2025-08-25,108851.98638370102,117995.9814981415,112966.9966989514,115610.93280909237,109313.52176444708,114619.24251263114,113957.0708121024
2025-08-26,109617.42932767424,119707.37611236096,114498.5817990443,117220.23308221938,110356.37861297705,115848.86261279539,114434.2202711704
2025-08-27,109974.11163596078,119843.89919963675,114823.64221962844,117357.15695561533,110558.93304824778,115871.27462788858,114694.95773999505
2025-08-28,111217.19623822579,120984.9940471118,115763.81994019866,118299.98006952938,111331.36486963822,116386.9567696513,115101.13852566767
2025-08-29,108655.00314435137,118100.9012907795,113768.1683374301,115483.59438202334,108869.31489179797,115115.17669014976,114414.70878563428
2025-09-02,107939.28540299166,117597.60377432664,113270.78337639704,115114.54186114989,108413.37137032427,114795.6619269729,113566.86287759132
2025-09-03,108430.84161438583,117602.74206382387,112163.55514103979,114701.81795342879,107942.56943093678,114380.66052887143,114182.34572044088
2025-09-04,109030.45427273378,118640.25381374282,112695.91123106593,115623.98819252063,108242.15013190577,114910.4088445916,115136.61197425962
2025-09-05,108602.92256794444,117986.58218686406,111372.39560343657,115650.6407171295,107517.88370057275,113872.45208949911,114803.15284701096
2025-09-08,108745.86138761435,118622.12715214187,111725.35882666208,116089.69110185192,107839.17219808455,114447.3897209243,115085.17656261193
2025-09-09,110682.8688468452,119204.49793868275,112471.66324735119,116364.76581741276,108015.07310565421,114724.32159167354,115351.23831515705
2025-09-10,110959.53644914973,121346.4150912467,112064.83575390223,117701.19806829831,110673.42670451466,117479.34596695182,115684.70833051148
2025-09-11,111959.49578590332,120473.58564609461,112081.04185329624,116310.32832108677,110087.9382948796,116365.24888239066,116646.0736292909
2025-09-12,111399.29830000941,120522.80890451117,111319.87745043995,115873.99216049854,109705.6537945331,115898.07538367923,116607.03977011284
2025-09-15,112097.71139899563,121460.36813852336,111552.4007634629,116934.10886918065,110442.35409736214,116703.16211795398,117227.84689668292
2025-09-16,112201.53458717618,121746.49136700996,112392.0586869801,117630.5525262352,110799.6466183766,116776.6247078425,117066.4416167791
2025-09-17,112593.5792148164,120889.15294816655,112921.76166611261,116580.63044384123,110002.53997641726,116071.05033007068,116920.99829993107
2025-09-18,115556.62391741476,121571.11136308529,112764.04877548742,120218.5709027925,113397.75584217158,116644.21548827461,117467.309006837
2025-09-19,115141.70154850416,121695.06888505077,112190.06162970162,119684.13291223785,112676.17758903292,116432.24594688044,118049.1040504406
2025-09-22,114797.50242071762,121893.83527388738,111450.66179426337,118577.03633397387,112827.6032996936,116631.69080846485,118607.59854770084
2025-09-23,115727.49195086108,121487.17149436966,111349.89336364328,119049.82850537213,112991.00654458602,116566.86135879636,117961.9556518741
2025-09-24,116458.23143793522,120924.95401598755,111475.79312906311,119903.47735963676,113828.28311633055,116224.17817974111,117586.64264605354
2025-09-25,117513.50169511668,120428.2038919575,111125.81855652561,120280.25522152262,114775.91056125403,116143.79536741806,117044.16455237794
2025-09-26,118743.42307529441,120685.89466287101,112020.80142100793,121315.12596149155,115194.88950111081,116131.57100778706,117714.7194342017
2025-09-29,117916.72226548613,120580.54735715048,111224.32220392095,120505.1742076071,114550.2685427322,115822.18084078752,118045.54363985451
2025-09-30,117268.52711149334,120819.1219911158,110351.32840325947,119976.54694196142,114811.97414841886,116515.17247209442,118490.20299131103
2025-10-01,118283.50561462033,120006.54953862984,109398.34212248237,118951.34221574973,115685.16495148244,117065.51095566273,118893.9666175032
2025-10-02,118698.31117101433,119492.25551442703,108806.67781846161,118260.56899345778,115928.63562858714,117217.1239298281,119030.90632374644
2025-10-03,118458.15977836611,119997.42122813531,109437.82865440255,118832.39825541401,115963.96598554928,117313.00602460424,119029.14245061205
2025-10-06,118925.57081504556,120150.46104041491,109831.14739499969,119300.96570455848,116565.13359310562,117902.36651664785,119456.01063724374
2025-10-07,118480.1544970874,120102.9330588214,109498.62828130883,118835.94282782741,116491.25439003031,117852.84638770459,119013.12604702741
2025-10-08,118775.68740163032,120255.35134721495,108876.10855850771,118741.65308455932,116804.51957600837,118086.25096143899,119722.8127809811
2025-10-09,119009.22152963848,119973.96991577095,108350.46756148043,118514.36071363554,115900.56222662996,117892.41080494125,119375.97217174368
2025-10-10,115835.56096430824,117511.0777157554,106672.49207251688,115954.22457392326,113197.36425777913,114745.85581503072,116149.49978953284
2025-10-13,118863.81820644914,119181.75668103943,108630.24283533612,117712.86808879649,114666.17734563118,116994.56771598109,117931.70849405075
2025-10-14,117678.55501988069,119511.95859300949,109093.26774418027,117638.2929755599,114816.58287216537,116488.38466629475,117787.63707852949
2025-10-15,118835.55382935038,119574.94607538266,109455.39226452199,117839.59331291431,115912.7204054471,117419.55292365623,118310.56013424588
2025-10-16,118531.36364683059,118853.70759940101,108447.09955387223,116690.8695944603,115413.24201645404,116580.87418578571,117504.84030741901
2025-10-17,118100.5107883223,119629.53578508926,108910.68531003426,117366.34719508108,116486.56578547998,117265.81974338803,118171.83477865669
2025-10-20,119208.79512299392,120367.50647259645,109905.50674956186,118249.939658185,117888.1290770284,118655.86463617497,119400.8732696349
2025-10-21,118639.0442717657,120157.15670905636,109264.30205203607,117769.45457114438,117885.15493631588,118179.63119987848,119399.08762028896
2025-10-22,116870.66043177558,119368.85554374139,108555.15009938566,117258.43504442494,117121.40576552246,117019.19501459559,118778.3458223535
2025-10-23,118581.22038234194,120003.39973888535,109159.25549185305,117535.64937816448,118069.75143337541,118366.87331633078,119482.6973844809
2025-10-24,120491.9740812251,121062.57634149455,110377.2027012626,119205.90683155123,118701.78627352366,119932.06044664125,120459.17537406622
2025-10-27,122988.08442180426,122502.55808657988,111815.67332774607,120601.79199027343,120812.57339942854,122410.05570130155,121880.31271510804
2025-10-28,124301.81794660598,123084.79505864003,111411.14583208975,121917.20538679062,121756.02172098141,123874.7785470312,122204.02698769436
2025-10-29,124532.7399689931,122840.04056366517,111388.86112750431,121481.70992839588,121941.5850929906,124278.38556877481,122262.72476588929
2025-10-30,123411.07533822623,123032.39218838254,112043.46894732409,121406.74973113985,121554.80677171543,124167.24894705125,120918.06547976141
2025-10-31,123507.66126611634,122948.72636792522,112042.93377809357,121281.24977447712,120942.15880073963,124017.00330221797,121314.70828478137
2025-11-03,124493.91793371565,122865.98568927718,112681.29166442806,121440.77771494201,121632.95299747383,124895.17229955056,121542.37857638879
2025-11-04,121005.67427783535,120570.97632095312,111846.67936299484,118410.12383244181,118232.81512788404,123142.92161601002,120101.66442117625
2025-11-05,122302.53683034687,121068.31139702334,112298.9236589746,119424.07561033501,119794.87712852289,123063.05749409397,120517.87315226112
2025-11-06,119492.1437138784,119796.00600454441,111773.79339410072,117106.8337212236,116714.31797734908,121333.51119312512,119224.79082315594
2025-11-07,119060.4950392047,120134.87115872314,111870.85386838007,116984.57835945055,116783.04580443732,121481.01691161956,119342.17549144
2025-11-10,122093.88757296835,122098.43881058105,113465.34068287241,119083.72153185461,119199.75778983471,123842.83792076152,121204.43354956376
2025-11-11,121134.0105269856,121933.50922394941,114131.49743793847,118525.94771736769,118256.17659246526,123512.31563608865,121481.89514884795
2025-11-12,122475.09721990513,122631.75785319065,114904.3727387428,120244.43985670019,119755.91080425172,124573.07066962919,121549.48850945524
2025-11-13,119765.72451393509,121190.78864566878,113600.59557240154,117738.79300737122,116475.16304940924,122621.55476796521,119532.48869215767
2025-11-14,119702.85517596285,121670.43487983526,113107.29994307336,117895.36188257807,116526.63541115602,123000.46010638306,119512.93365419847
2025-11-17,118782.0399869737,120532.8021619014,112762.41547650783,116040.4036489792,114424.23828386373,121701.46998274112,118399.49418215836
2025-11-18,116785.14037546744,120015.71992887481,112227.57117914071,114850.83776090528,112646.18764503991,120282.09644010944,117405.23591585403
2025-11-19,118337.80124101989,121790.29849941205,113345.17285338382,116586.42564597928,113606.20872238721,121485.35481106261,117858.79084972295
2025-11-20,114696.01540108958,119397.49251302588,111605.89416197062,113425.09047545966,110022.89330763536,118977.7438336142,116062.3513909663
2025-11-21,115611.61267210936,119989.70318867208,112612.37244077469,113799.90057269279,110518.52404654927,118906.02737764583,117218.4722376167
2025-11-24,120201.36127893852,122842.85626207672,114272.96324247336,116764.35393004678,113978.14986272198,121542.32664721663,118943.75792517989
2025-11-25,120021.42476113273,122996.18169732562,115292.93629868218,117046.4949031777,113417.50121529412,122010.11658687914,120062.53256904629
2025-11-26,121444.30767235745,124356.7656630993,115788.41669564144,118867.98161205751,115288.20667902235,123344.15194659626,120891.38962063
2025-11-28,123502.9337760336,126164.4562227281,116782.09692364148,121023.00490868869,117488.39927453527,124248.19207840545,121551.26327069543
2025-12-01,121862.7632406239,124652.27854807109,115738.47851075558,119417.08420716354,115651.84798033319,122671.28841405362,120996.3291840213
2025-12-02,123092.06995041689,125725.98548799772,115354.7873604553,118954.65180501659,116552.90606164634,123316.92484359504,121220.4390650426
2025-12-03,123458.77981453229,126197.85591490335,116304.24264434307,120105.43214475324,117480.40437397442,124220.89147494317,121640.19731860788
2025-12-04,121696.65037451658,124291.1474458667,115646.38936340799,119754.37292155872,116165.76762751087,122724.85910812771,121729.13136652035
2025-12-05,122572.81512171665,125042.05561501197,115637.42271654855,120253.29140186751,117034.35334886947,123272.98395463581,121960.35118060811
2025-12-08,122017.86485846266,123958.64253434446,114585.09264627403,120117.42595901487,116593.15492171733,122527.20945624096,121593.95553341148
2025-12-09,121923.93804241822,123921.94533119521,113854.80933692103,119667.17536125494,115951.71044737345,121973.11239509123,121489.00508191438
2025-12-10,123542.1785929838,125336.85366170411,115791.9107453734,121532.36857296019,117703.39807825041,123764.04825630478,122294.74668495277
2025-12-11,122757.84158089157,124294.6187570178,116080.41551966175,122068.78520007743,117783.04188213823,123483.86556850358,122579.31821730339
2025-12-12,120435.85331674376,121799.78680483859,115999.43626243144,119976.39534081999,115241.1021948706,121104.88030826581,121261.34567841269
2025-12-15,120319.29221824587,121452.8952486235,116877.99218503362,119980.27256778469,115258.46922407448,120966.80846334083,121078.14241076149
2025-12-16,119198.15204423327,120542.07258882561,115107.51961513041,118461.4310580897,114087.40577382108,119528.43812217604,120747.3182051087
2025-12-17,116811.23336529497,118303.72059492355,114566.14013394955,117544.35899915174,112415.94380996331,118229.98109577347,119418.6644344597
2025-12-18,117599.47000638957,119318.84663999455,114960.68157635699,118042.95776987255,113078.81443125833,118757.43699868236,120320.42824226545
2025-12-19,118970.96850921938,120864.50910078283,115806.11338118452,119550.58330560205,114707.54521000473,120206.91126195948,121410.94825166407
2025-12-22,118938.30762549015,120960.49256490062,116629.28975504352,120374.08214261773,115157.23061883246,120769.51732946679,122167.32318315064
2025-12-23,119169.72970051915,121612.18867644925,117040.47427311858,121069.15025366709,115666.03674795444,121415.21279955945,122725.68702314165
2025-12-24,119492.59376876526,121885.08699411352,117518.16755174172,121617.66714621955,116140.76978229353,121742.58911992828,123157.38952873433
2025-12-26,119598.71266262383,121992.1793751223,117472.85708621587,121627.9236776299,116178.84125031802,121829.00811815349,123144.90087141853
2025-12-29,119587.31565407627,122081.20123581214,117447.2570711155,121251.32863933012,115837.77034506864,121885.14948577713,122706.05576844211
2025-12-30,119719.1899401762,122292.49460917155,117424.04729832358,121152.0753414192,115924.85682014497,122159.81970862618,122556.21365686382
2025-12-31,119006.17295962028,121386.88927341232,116850.69610274647,120323.08046635291,115057.18597595315,121256.56275504924,121648.20007634728
2026-01-02,119584.89277681398,122900.74524064538,118193.21649988863,121574.4158725017,116492.10212386116,122768.79337724962,121871.18848247449
2026-01-05,120392.69628404852,124124.51632988262,118789.15617568295,122248.73984178333,117652.05983139593,123991.25056985198,122682.86410315639
2026-01-06,120462.8300026999,123798.92688465197,118422.31962807315,122466.8987744837,117343.44820475369,123666.01069234704,123412.48695877119
2026-01-07,121024.57965941432,123808.47307407873,118942.42518263966,122980.89581518361,117352.49660939451,123675.54663254805,123014.67912643407
2026-01-08,120660.0149639182,123679.66287736296,118576.76324588695,122178.68547867102,117230.40320336164,123546.87473235316,123002.19046911824
2026-01-09,120717.50427105403,123828.8629548717,118651.64161978386,122026.37780375734,117371.82326254845,123695.91462183205,123815.65173914608
2026-01-12,121136.65018638306,123696.457082375,119099.35573697496,122345.91557721792,117246.32167677302,123563.65090633827,124010.0915319498
2026-01-13,120743.61275368402,123514.58364197612,119790.62255523671,122144.0372384646,117073.93200288554,123381.9727335866,123762.1366992967
2026-01-14,120574.60161121034,122735.9417366207,119505.23594207964,121286.25424976587,116335.89227677179,122604.16681380742,123153.81823004244
2026-01-15,120966.42672477617,123818.32431344222,120561.31078602806,122543.38748854403,117361.83415718345,123685.3872951702,123489.19366390623
2026-01-16,120401.6163203316,123799.33032390197,120332.69116917773,122377.09615996423,117343.83060671734,123666.4136984462,123385.72399479357
2026-01-20,118402.6223205553,121121.46781953628,118149.74254867696,119635.33056477939,114805.60488870875,120991.42626979038,120873.99042761278
2026-01-21,119964.23992319005,123027.45261098578,120028.75059918305,121158.1357354615,116612.20235512209,122895.36470875975,122269.00720291733
2026-01-22,121012.44398801785,123836.2983432896,120773.77143915732,121983.43824974948,117378.87093362006,123703.34202727675,122907.63815862953
2026-01-23,120087.84977155678,122718.78278854422,120075.43555606667,120847.50685827214,116319.62807977485,122587.02628836271,122952.235839855
2026-01-26,121288.1596829732,123837.96233556877,121098.19061539344,122052.5219011009,117380.44815724173,123705.00423301767,123576.60337701121
2026-01-27,121658.06753055117,124201.41578859228,121682.388397993,122389.65345359278,117724.94937799496,124068.06746578425,124068.96351983702
2026-01-28,121846.35630751676,124473.00825024999,122139.50123759283,122791.41664693052,117982.37968663589,124339.36833334844,124056.47486252121
2026-01-29,121423.74414372101,125336.75851422288,122684.05228298387,123301.86745148797,118801.08980725576,125202.19123551717,123810.29479110827
2026-01-30,121420.47107200464,125358.03676733907,122698.30873525636,123167.29205162822,118792.74624712182,125193.39811743071,123441.02468398892
2026-02-02,122326.03246527533,126411.09607286418,124564.06939225412,124551.69215921956,120050.40228154656,126441.29357277745,124054.68921317527
2026-02-03,122745.71084008606,126013.10117341593,124471.11440624947,124163.28974736083,119125.67049962284,125525.35531774236,123005.76176781015
2026-02-04,123359.35935014758,122833.52310519807,120547.3736580902,120389.75113223877,115907.64553843866,122018.090737702,122409.93195587168
2026-02-05,122596.36258976994,121036.36730893762,118886.48047468631,118360.25091583582,114413.07077149494,120156.4463672506,120881.1221368908
2026-02-06,124925.79101017896,124209.25402912157,121858.41279539766,121857.89524062324,117485.4850491627,124369.15076783368,123200.20156061386
2026-02-09,125417.03621174626,125674.61137408651,122951.43666919087,122682.47942200412,118764.66849006315,125894.7430302824,123794.24572320636
2026-02-10,124477.37645698906,125059.40336502562,122060.53372397117,120865.46998902348,118024.00238819806,125462.96532402777,123467.78764796651
2026-02-11,124933.90105525049,124355.51763454196,120238.46149109505,120389.43993811471,116619.24461335289,124259.96941501234,123439.24992274876
2026-02-12,123204.96264986586,119939.78750938145,116308.2936169971,117614.06544061488,113077.82952862162,119948.44482031597,121532.25263802457
2026-02-13,123334.63956331852,119740.10258243413,116836.904123945,117464.40758460789,113228.17499090405,120270.10189353627,121617.87670178356
2026-02-17,122746.59692837842,119663.0082155076,117666.12880375437,117939.23908465363,113422.52439536076,120825.00802231801,121814.1021439332
2026-02-18,123380.59012229533,121013.30773071792,118415.39266574758,118738.23661175868,113999.37719952386,121656.61604943812,122427.76667311952
2026-02-19,122431.2150717853,120962.96762311093,118261.7077080823,118887.98144733298,113626.75548179424,121015.02269689621,122104.87989657155
2026-02-20,122031.17550521527,121541.3518113847,119484.02486567691,119933.18840676964,114405.31708153013,121351.12630038105,122987.9161624565
2026-02-23,121985.6063120436,120558.05878102165,117087.0439780146,118409.4338800711,113061.29360422146,119614.26100780397,121732.04937886608
2026-02-24,123179.91286194799,121947.151147622,119051.37292261969,120922.73656449579,114672.68009040019,121506.44583629629,122616.86040599117
2026-02-25,123436.76975151408,122964.35373240184,119892.57297803175,121831.56286651496,115468.99281310104,122565.23725461966,123651.53532090607
2026-02-26,122634.46587939684,121208.45146911075,118984.02961743188,119790.91490568985,113811.31813869068,121186.79041251639,122964.72449717077
2026-02-27,122753.11965761411,120718.2741936901,117302.44131520457,118720.19888129164,112847.72055518189,118866.68058828563,122374.25163327013
2026-03-02,123190.0406003125,120931.19263821235,117509.3350395418,118929.59319419094,113046.75720716333,119076.33326022305,122443.8266291272
2026-03-03,121069.80080130605,118473.34866590022,115121.03798799944,116512.43036477626,110749.15900499973,116656.18803909514,121364.56492109265
2026-03-04,121087.46588732844,119532.46072235763,116150.18150979537,117554.01246839756,111739.21939297351,117699.0552881757,122220.83822299998
2026-03-05,119002.83742614699,118214.41260355964,114869.42875600891,116257.78009725099,110507.10497796994,116401.22357393354,121539.38434730253
2026-03-06,119189.96414226959,116709.15026675495,113406.75918003637,114777.43219476819,109099.98228109117,114919.04915928397,119946.3564805024
2026-03-09,119553.82896680398,117709.0763631518,114378.39146210442,115760.80795807937,110034.715497381,115903.63825075483,120997.0804633192
2026-03-10,119105.24701656243,118311.02654421383,114963.30891772853,116352.79492682655,110597.41991205512,116496.35563658786,120802.62978240974
2026-03-11,119016.45041007859,119195.13347632378,115822.39924363722,117222.26851326975,111423.88510700616,117366.9020141511,120651.00202148553
2026-03-12,117854.30490741118,117555.49419565247,114229.15504110287,115609.7678144729,109891.14653372587,115752.41174780705,118818.92579255046
2026-03-13,118033.7023615656,117677.30500071782,114347.51909913943,115729.5624611396,110005.01555465438,115872.3542018772,118146.38927547693
2026-03-16,118841.48996613655,118355.27012694515,115006.30058822398,116396.30620940715,110638.77891502107,116539.92060512086,119348.75190732372
2026-03-17,118293.85049816918,116876.95829116444,113542.21741230415,114914.52762172291,109256.8496085274,115056.31374003348,119662.710437142
