date,ticker,open,high,low,close,volume,ret_1,ret_5,ret_20,ret_60,ret_120,vol_20,vol_60,sma_20,sma_50,sma_200,price_vs_sma20,price_vs_sma50,price_vs_sma200,sma20_vs_sma50,sma50_vs_sma200,drawdown_20,drawdown_60,volume_ratio_20,log_dollar_volume_20,range_pct_20,vol_ratio_20_60,momentum_20_60_gap,trend_ok,llm_score,future_return,label_available_date,trend_flag,enough_history,has_model_features,has_training_label,predicted_return,selected,weight,train_sample_count,validation_sample_count
2025-03-31,AAPL,216.0682695484103,224.6409066608951,215.29165561007284,221.1660614013672,65299300,0.019412553869742055,0.0063425732453969985,-0.06679827160196539,-0.11199489534601614,-0.018435229752838955,0.01958866799319086,0.018224841359851633,220.97340393066406,229.17479888916014,227.71585807800292,0.0008718581841802298,-0.03494597803341526,-0.028763023936576815,-0.03578663534668425,0.0064068476542265,-0.0708579561327517,-0.10105222929367452,0.2227697905211854,23.18972920357077,0.02751264287161372,0.07483338847292598,0.04519662374405076,False,0.0,-0.04916043429093264,2025-04-29,0.0,True,True,True,,False,0.0,0.0,0.0
2025-03-31,AMZN,188.19000244140625,191.3300018310547,184.3999938964844,190.25999450683597,63547600,-0.01276466738421178,-0.06395749459475064,-0.07199302242726358,-0.13277726862597783,0.020106161119759935,0.020651033455560724,0.018006056354824388,198.1834999084473,216.09419982910157,200.21945030212402,-0.03998065129171535,-0.11955066513907653,-0.049742698725121826,-0.08288376057672531,0.07928675012853703,-0.08686890982191897,-0.2139965445518064,0.37582658257966717,22.935323987905935,0.030040230418580904,0.14689374778212683,0.060784246198714253,False,0.0,-0.015084595816512558,2025-04-29,0.0,True,True,True,,False,0.0,0.0,0.0
2025-03-31,AVGO,163.51020338452625,166.93965006119086,159.66324513451602,166.43267822265625,35656400,-0.009992984751705736,-0.12454910474286185,-0.10371649279909434,-0.27563565403122037,-0.046724544902827736,0.03544382419828094,0.03736519785578773,185.41384506225586,206.3855502319336,181.80691818237304,-0.10237189587016204,-0.19358366883911582,-0.0845635584906328,-0.10161421255562697,0.13519085134541142,-0.14129668048485855,-0.31370403303482963,-0.001922319267349315,22.614300000257888,0.04363515892097346,-0.051421476875952776,0.17191916123212603,False,0.0,0.14179067805032397,2025-04-29,0.0,True,True,True,-0.2581368434104245,True,0.25,15210.0,600.0
2025-03-31,COST,917.3325488485171,989.576630166124,917.0142857635636,940.6249389648438,3102000,0.01733963739977651,0.021316686923524397,-0.09654677917311327,0.03334715939477517,0.07357319221135539,0.02104633581192789,0.01636165637775155,934.16435546875,979.8928564453125,911.8728967285156,0.006915895964422436,-0.040073684813784816,0.03153075646779335,-0.04666683778311076,0.07459368510768227,-0.09732287144968277,-0.12172427502013439,0.1687577709958179,21.631345267734837,0.026451567049812857,0.2863206099687148,-0.12989393856788845,False,0.0,0.0485525493506378,2025-04-29,0.0,True,True,True,,False,0.0,0.0,0.0
2025-03-31,GOOGL,152.58093987828155,155.00253588696825,150.13940872047658,154.10565185546875,54603500,0.0020087861948854258,-0.0777670523234052,-0.07300097964175378,-0.18215474544480748,-0.07221633012833029,0.022401383311210343,0.02072190308167639,164.66781921386718,178.28977966308594,173.86008949279784,-0.06414226780206822,-0.1356450597073927,-0.11362261284322772,-0.07640348468072689,0.02547847630362332,-0.1095243154548432,-0.24983970978409098,0.5795469305093075,22.458064343082782,0.02813361248770984,0.08104855152126711,0.10915376580305369,False,0.0,0.035695741597478126,2025-04-29,0.0,True,True,True,-0.3154846138863124,True,0.25,15210.0,600.0
2025-03-31,JPM,234.5996231402057,240.92002258119436,232.5908100746605,240.37127685546875,13603000,0.010088527975936845,-0.011126277258261874,-0.05878288634453055,0.028604904860243474,0.1673463169131908,0.01958473871640661,0.01553525775599804,235.79657211303712,251.79522369384765,224.2457411956787,0.019401065509292437,-0.045369990227729806,0.07191010885561822,-0.06353834415962922,0.12285398309584417,-0.024768376660838753,-0.1237720243544308,0.062221521171809346,21.82356221918065,0.025602812072739557,0.26066390555026975,-0.08738779120477402,False,0.0,0.0033702846675536247,2025-04-29,0.0,True,True,True,,False,0.0,0.0,0.0
2025-03-31,META,561.7474544327795,576.9001929680891,551.57916536005,574.5674438476562,21124700,-0.000658922793399519,-0.068659608552051,-0.1193454293719508,-0.01475164998021905,-0.031214492089914336,0.027167376391391586,0.02123383439788711,604.7402313232421,649.535361328125,573.655668182373,-0.04989379887884149,-0.11541776159373296,0.0015894128060691681,-0.06896488270213474,0.13227393601143467,-0.12125041644796053,-0.2169183892450186,0.1983275930971946,23.086837580943058,0.03648285446895415,0.27943808368849754,-0.10459377939173176,False,0.0,-0.03803175218959831,2025-04-29,0.0,True,True,True,-0.31518343025642387,True,0.25,15210.0,600.0
2025-03-31,MSFT,369.7096411618319,374.2052233402368,364.449889664545,372.5379943847656,35184700,-0.009002035522357565,-0.04500349146878435,-0.03372026237908565,-0.10760927968068668,-0.09413159534710536,0.015880206739556736,0.016164125123690438,384.66316680908204,401.4154400634766,417.64848617553713,-0.031521532266525654,-0.0719390506606934,-0.1080106675445045,-0.041733006711813236,-0.03886772405356642,-0.06391194028397218,-0.15889380150794263,0.501121317533703,22.920783325527868,0.021397601580177818,-0.01756472323501046,0.07388901730160102,False,0.0,0.04968164606086911,2025-04-29,0.0,True,True,True,,False,0.0,0.0,0.0
2025-03-31,NVDA,105.10522740758996,110.9338556226425,103.6255803841977,108.35446166992188,299212700,-0.011762626571884982,-0.10732236799140749,-0.04971096022629373,-0.19286647214401265,-0.13226511212607894,0.03309872947495539,0.04203892321033265,114.936323928833,124.39043640136718,127.52291500091553,-0.05726529293721394,-0.12891646010230617,-0.15031379521755783,-0.07600353167046425,-0.024564044819128106,-0.10922991690862638,-0.2746438244726469,0.03774950126755616,24.220530938364767,0.04220229699899048,-0.2126646700879311,0.14315551191771891,False,0.0,0.00590512648853303,2025-04-29,0.0,True,True,True,-0.2886156588688914,True,0.25,15210.0,600.0
2025-03-31,XOM,113.87725446859892,115.92683499640438,113.87725446859892,114.97938537597656,21652300,0.010192769160634496,0.027029255649739126,0.10365622083057668,0.11549497062075109,-0.030843648793523748,0.01359566809951605,0.013952924095925565,109.2318717956543,106.96553955078124,108.97429481506347,0.05261755095687115,0.07491988409398709,0.05510556935563682,0.021187498837390795,-0.018433294454359372,0.0,0.0,0.18016058289924564,21.416092489884825,0.021165548694841246,-0.025604381845224733,-0.011838749790174408,False,0.0,-0.08887568877583862,2025-04-29,0.0,True,True,True,,False,0.0,0.0,0.0
2025-04-30,AAPL,208.39173986928208,212.65316547487808,205.7731479657814,211.57785034179688,52286500,0.0061076967427529105,0.03861179523133251,-0.047896433729625265,-0.06699862559261482,-0.04072932422791875,0.0509802245003527,0.03211957389471504,199.21523818969726,216.0883950805664,226.04601974487304,0.062056558847810805,-0.020873609325886444,-0.06400541544330518,-0.07808451205618039,-0.04405131607955448,-0.050873211107918315,-0.1400243071181304,-0.33431404134391496,23.453418997140655,0.04758470674883576,0.5872011461752611,0.01910219186298956,False,0.0,-0.05782489297896731,2025-05-29,0.0,True,True,True,,False,0.0,0.0,0.0
2025-04-30,AMZN,182.1699981689453,185.0500030517578,178.85000610351562,184.4199981689453,55176500,-0.015849304820837684,0.021151671851219023,-0.04032887585910583,-0.2232330907621599,-0.05802431648371653,0.04341849567012118,0.029261684126761403,180.66599960327147,194.02300048828124,199.0679002380371,0.020778666566577675,-0.04949414396833807,-0.07358244122521229,-0.0688423581296822,-0.02534260794293497,-0.05912961921687343,-0.23812277935636972,-0.13232627733667968,23.160114059428786,0.050295659692183414,0.48380029946439773,0.18290421490305409,False,0.0,0.11538878099219207,2025-05-29,0.0,True,True,True,,False,0.0,0.0,0.0
2025-04-30,AVGO,184.7926745025756,192.04919484739312,182.9238830982368,191.32354736328125,22768900,0.006800284890905894,0.08795432226218791,0.14211963883070866,-0.11334025298546113,0.14844057264397836,0.05961620036460583,0.04410441628094152,173.6658462524414,184.28789276123047,182.66503440856934,0.10167630246175485,0.03817751940528402,0.047401041927626286,-0.0576383307098276,0.008884340442688377,0.0,-0.18319271017906646,-0.34055494822729737,22.488110543011878,0.05871704829635589,0.35170591500079085,0.2554598918161698,True,0.0,0.25718287078760116,2025-05-29,1.0,True,True,True,0.06666961678377943,True,0.25,15430.0,600.0
2025-04-30,COST,984.6039950685804,992.3217088231314,971.2272922880104,989.0794677734376,2212400,0.0028234868360637044,0.019122046148240646,0.04201603185872327,-0.010171817586385856,0.12361197666836699,0.022833594303770893,0.019683453542544034,960.0952453613281,963.1220642089844,923.1917852783204,0.030188903186580518,0.02695131233004422,0.07136944191423211,-0.003142715716041855,0.043252420101015154,0.0,-0.07648154898231652,-0.21273627875199275,21.708718897148483,0.03475417081765806,0.1600400435024325,0.052187849445109125,True,0.0,0.015640220923342607,2025-05-29,1.0,True,True,True,0.01949943747809076,True,0.25,15430.0,600.0
2025-04-30,GOOGL,157.43409270690867,158.7196436016194,154.86300612354924,158.2512664794922,34981100,-0.00849151087918365,0.022207825514265034,0.011014147747600234,-0.20994437469909621,-0.05953035800789186,0.031205158668766594,0.025316776127736702,153.89886398315429,162.06515167236327,170.9821940612793,0.028280926731300005,-0.023533036889888392,-0.0744576220446932,-0.05038891831427306,-0.05215187720494563,-0.01951106940426761,-0.22965955784263337,-0.13837044816875,22.551693924752882,0.03629002625983534,0.2325881664916516,0.22095852244669645,False,0.0,0.082241852522694,2025-05-29,0.0,True,True,True,,False,0.0,0.0,0.0
2025-04-30,JPM,237.8193419445802,241.7729683625272,235.07840628381985,241.181396484375,12991700,0.0,0.015526323330296243,0.010123755955446567,-0.07752063576698198,0.12566159769661178,0.03425190318046687,0.024099858899777258,230.03901748657228,237.59906829833983,228.06660682678222,0.048436909179779164,0.015077197952380272,0.05750420826646274,-0.031818520442491005,0.04179683121605593,-8.173409898515338e-05,-0.12081888664283114,-0.06977326989907395,21.876837267242653,0.037707849271571635,0.4212491169723589,0.08764439172242855,True,0.0,0.08073749416679576,2025-05-29,1.0,True,True,True,0.027735141711114752,True,0.25,15430.0,600.0
2025-04-30,META,536.725533164549,547.392206153298,527.8531889368276,547.2925415039062,29244000,-0.009811728379042872,0.0552211602484185,-0.06314006706602593,-0.21215786643611745,-0.01917043339828195,0.04864453003907274,0.0328852201195018,529.2593505859375,586.058408203125,576.137300567627,0.03407250320283328,-0.06614676311543122,-0.050065772577651324,-0.09691705949810603,0.0172200404759828,-0.06277227199129876,-0.2540915265141599,0.333712778358499,23.17578364438775,0.049314488531711,0.4792216643921827,0.14901779937009152,False,0.0,0.1749544795095619,2025-05-29,0.0,True,True,True,,False,0.0,0.0,0.0
2025-04-30,MSFT,387.3347110069874,393.6464071015826,381.5192464831796,392.2570495605469,36461100,0.003096191958594563,0.05574396374414814,0.034197653690663854,-0.036180899096557306,-0.028435182835667705,0.030197341144904962,0.02049362452414351,375.1614074707031,383.32421813964845,410.1424270629883,0.0455687652018919,0.023303592619979163,-0.043607723371897444,-0.02129479506554821,-0.06538755113774464,0.0,-0.05015255889473891,0.34182689777582165,23.040163390765546,0.03402307533605196,0.47349928800195973,0.07037855278722116,False,0.0,0.16258174148804372,2025-05-29,0.0,True,True,True,,False,0.0,0.0,0.0
2025-04-30,NVDA,104.44538450923936,108.8943328857422,104.0554770168086,108.8943328857422,235044600,-0.0009172551056961797,0.06046139029903208,-0.011166689067200086,-0.06626087966833627,-0.19928328747523594,0.05881505275214658,0.04410316026855528,105.21570472717285,113.47748641967773,125.1968656539917,0.034962728882614424,-0.040388218654980546,-0.13021518296875756,-0.07280546964135293,-0.09360760888937081,-0.04731926429782207,-0.22253939922272437,-0.28648876469470763,24.261127356008718,0.06095376196923084,0.33357909941162656,0.055094190601136184,False,0.0,0.2779104992518038,2025-05-29,0.0,True,True,True,-0.293121718399733,True,0.25,15430.0,600.0
2025-04-30,XOM,103.85172605763076,103.85172605763076,100.6903519990406,102.12118530273438,20379300,-0.025193920110230916,-0.016205686462118174,-0.1126513215303716,-0.004810582657307605,-0.09408508890132716,0.030117001162890993,0.02108421340942886,102.79116783142089,106.30522842407227,108.69424083709717,-0.0065178997653310144,-0.03935877080896655,-0.060472896114284524,-0.03305632888189758,-0.021979199584321818,-0.10988458821176095,-0.1126513215303716,0.05677015989253564,21.39881363689144,0.03443343523305397,0.4284147375126961,-0.107840738873064,False,0.0,-0.01887909567173618,2025-05-29,0.0,True,True,True,,False,0.0,0.0,0.0
2025-05-30,AAPL,198.7651407343476,201.3472946799051,196.18300200128655,200.24066162109372,70819900,0.004501166855784389,-0.002532628494411826,-0.05722206580665834,-0.14688469227812317,-0.1714970120670144,0.02164719795805917,0.033359877891082954,202.78316345214841,204.58392913818355,224.46090362548827,-0.012538032190501203,-0.0212297590303695,-0.10790405639997724,-0.008802087698779215,-0.08855428346875649,-0.05673218497317911,-0.15876777646137086,0.24424161899219277,23.16788634269543,0.02126949767542089,-0.35110080352406103,0.08966262647146483,False,0.0,0.021508542424688804,2025-06-30,0.0,True,True,True,-0.3021451673764924,True,0.25,15640.0,600.0
2025-05-30,AMZN,204.83999633789065,205.9900054931641,201.6999969482422,205.00999450683597,51679400,-0.0033544115296211263,0.009404176986321122,0.07786539325036856,-0.0160779712694491,-0.060276901973472574,0.022207317812554403,0.030373278001543554,200.65500030517578,191.88779998779296,201.37535011291504,0.021703890733032694,0.06838472544829721,0.01804910279179106,0.04568920128293996,-0.04711376104276033,-0.030089420245411058,-0.030089420245411058,0.19767317766105008,22.883500419345214,0.021765319930652324,-0.26885343717507737,0.09394336451981766,False,0.0,0.07014294555445666,2025-06-30,0.0,True,True,True,,False,0.0,0.0,0.0
2025-05-30,AVGO,239.78313935630607,241.7215208653789,233.500778070811,240.62808227539065,27088600,0.00041323865934583814,0.05005852301987579,0.2267266725309658,0.26736853136664007,0.42737463768712813,0.02074529249318606,0.041668867288809606,222.8153305053711,194.6836032104492,190.1556810760498,0.07994401341064883,0.23599562730137236,0.26542673305224684,0.1444997258680898,0.023811658472557173,0.0,0.0,0.4380103999696352,22.16269649420798,0.029486986936289216,-0.5021392746436062,-0.04064185883567428,True,0.0,0.14140038029646784,2025-06-30,1.0,True,True,True,0.05140038958545837,True,0.25,15640.0,600.0
2025-05-30,COST,998.13571352876,1048.1171906403918,997.8369721006133,1035.8583984375,5403800,0.03116773072490253,0.021657398019243823,0.042536191443545146,-0.005931433504932082,0.05224050635501287,0.011527039351684979,0.019053076859066105,1010.912387084961,974.5496862792969,942.6877560424805,0.024676729330098235,0.06290978594664765,0.09883510398624606,0.03731231082172126,0.03379902839788307,0.0,0.0,1.6626262626262625,21.44391330361943,0.017969342133471868,-0.39500378668760683,0.04846762494847723,True,0.0,-0.048299431800505,2025-06-30,1.0,True,True,True,0.02954628239286363,True,0.25,15640.0,600.0
2025-05-30,GOOGL,170.7579241400477,171.61495310854446,166.86143108525064,171.14657592773438,52639900,-0.0006981407325559186,0.005091742498571472,0.06472424846187685,-0.0062547079089680935,-0.012818276376613702,0.02404129065338741,0.025813980142145802,163.96495666503907,159.4269924926758,170.35692680358886,0.04379972043274161,0.0735106599693085,0.004635262791843786,0.028464214882381045,-0.06415902491311443,-0.006708985637644993,-0.011055970226567458,0.15401554986292743,22.72900365337686,0.029301773854750524,-0.06867168406410018,0.07097895637084495,False,0.0,0.027386396644443645,2025-06-30,0.0,True,True,True,,False,0.0,0.0,0.0
2025-05-30,JPM,259.74671429323007,261.600261993738,259.0368340780119,260.2889709472656,10977700,-0.0013995850418850875,0.012774702472200694,0.0693021430363776,0.0560414663304909,0.09695143756453506,0.011578890257589194,0.022915866863371697,256.54929504394534,242.8311016845703,233.77690383911133,0.014576831726158979,0.07189305299686244,0.11340755512101519,0.056492736161920964,0.03873007853543231,-0.013305394634506529,-0.013305394634506529,0.4035018186699737,21.421779783211615,0.015803514232106516,-0.49472169974522406,0.01326067670588671,True,0.0,0.09814402351277951,2025-06-30,1.0,True,True,True,0.04247466208876638,True,0.25,15640.0,600.0
2025-05-30,META,640.501786260345,647.3902689717587,630.8120452521741,645.4762573242188,16241000,0.003782687888621794,0.017154354274983907,0.1315600199102669,-0.012801719989586124,0.056712229284190396,0.02322054747401179,0.03486935121538652,626.2986022949219,580.8985424804688,591.167209777832,0.030620625623344555,0.11116866392537261,0.09186748968501957,0.07815488677350158,-0.017370157085035753,-0.018002283516303064,-0.018002283516303064,0.2431117365408335,22.82408593416785,0.022844208879731265,-0.334069987979431,0.14436173989985301,False,0.0,0.1408020796780629,2025-06-30,0.0,True,True,True,,False,0.0,0.0,0.0
2025-05-30,MSFT,457.0648535034259,459.0135248792732,452.9090026922185,457.7011413574219,34770500,0.0036625974856825394,0.012091557672570419,0.08416817254103459,0.15008020604891414,0.05649014484063697,0.010361160064160085,0.022306901338862664,446.3183822631836,406.171396484375,413.0421388244629,0.025503675283367944,0.12686699585215422,0.10812214622958471,0.09884247420252046,-0.016634482766437197,-0.0007163177735156623,-0.0007163177735156623,0.6636431730486982,22.95606408442858,0.014301792369295255,-0.5355177347689674,-0.06591203350787955,False,0.0,0.08048059364909244,2025-06-30,0.0,True,True,True,,False,0.0,0.0,0.0
2025-05-30,NVDA,138.6873257641086,139.58710766728817,132.88868890141003,135.09817504882812,333170900,-0.029168709381678815,0.017315447284506513,0.21073393803520823,0.15210944123213777,-0.06881799185622739,0.02435535380399875,0.04111305244625862,128.06682205200195,116.17422348022461,126.72367427825928,0.05490378291710152,0.16289286040999262,0.06608473766456724,0.10236865128521155,-0.08324767142460088,-0.029168709381678815,-0.029168709381678815,0.4739850221281863,24.10048856404231,0.02902785291260186,-0.4076004491314499,0.05862449680307047,False,0.0,0.16925162252476178,2025-06-30,0.0,True,True,True,,False,0.0,0.0,0.0
2025-05-30,XOM,99.6761181336087,99.90052181887316,98.7297012111472,99.81271362304688,28645800,-0.0037978220033355603,-0.006506669712356916,-0.023991221879411828,-0.020844084339128433,-0.08850469547875717,0.011901058866428177,0.020250472001509513,102.3980556488037,104.53268295288086,107.89947647094726,-0.025247960123616187,-0.045153048754728364,-0.07494719263144722,-0.020420668864295388,-0.03120305703218995,-0.05783748398540389,-0.13271003205339194,0.8576958470357139,21.17868444142322,0.016985930661133325,-0.4123070876796824,-0.0031471375402833957,False,0.0,0.05376341127165962,2025-06-30,0.0,True,True,True,,False,0.0,0.0,0.0
2025-06-30,AAPL,201.39712965217612,206.7608124915243,198.6554726965608,204.54754638671875,91912800,0.020340159867571872,0.018213366342988646,0.021508542424688804,-0.08241077426511623,-0.1548943550803067,0.011513441426057714,0.032143758124269596,200.04823532104493,202.13983276367185,222.1510104370117,0.02249113099374833,0.011911128994857023,-0.0792409812391297,-0.01034727996966478,-0.09007916567191931,0.0,-0.03694428661200044,0.6705202327897446,23.122949202245668,0.019127463360965914,-0.6418140846647087,0.10391931668980503,False,0.0,0.029731459994563503,2025-07-29,0.0,True,True,True,,False,0.0,0.0,0.0
2025-06-30,AMZN,223.5200042724609,223.82000732421875,219.1199951171875,219.38999938964844,58887800,-0.017510092291414314,0.05238162855568129,0.07014294555445666,0.11927965684421804,-0.021410424191472766,0.014879639245390474,0.029184521943767888,213.01850204467775,201.84840087890626,205.13115036010743,0.029910534924493914,0.08690481784527893,0.06951089098125585,0.05533906197489613,-0.016003173947195748,-0.017510092291414314,-0.017510092291414314,0.3526729842001939,22.955392985196095,0.02102451319688315,-0.4901530587322882,-0.04913671128976138,False,0.0,0.05296501731854142,2025-07-29,0.0,True,True,True,,False,0.0,0.0,0.0
2025-06-30,AVGO,273.7363292312653,276.705531291746,271.14572719183,274.6529846191406,24708400,0.02338944153600475,0.08621972542498835,0.14140038029646784,0.6055480588911946,0.19172150951875833,0.021853350605277405,0.03796286486847477,254.6996810913086,227.53889038085939,200.06737426757812,0.07834051241186613,0.20705952358043356,0.37280246529256056,0.11936768551954757,0.1373113243168762,0.0,0.0,-0.08690975804128531,22.653442455369586,0.027744200688797203,-0.42434927708986137,-0.4641476785947267,True,0.0,0.07897705611962191,2025-07-29,1.0,True,True,True,0.06826749602276656,True,0.25,15840.0,600.0
2025-06-30,COST,981.0668570073628,987.6195356193274,975.6793610736228,985.8270263671876,2127600,0.004872437960358855,-0.01447517558092526,-0.048299431800505,0.027095986331153732,0.08263874505577151,0.012716647013450353,0.01630862610172311,998.8940124511719,999.3268566894532,955.0079370117187,-0.013081454009239102,-0.01350892376392998,0.03227102954966399,-0.00043313580074810787,0.046406860048107346,-0.0633107408431518,-0.0633107408431518,0.013541033977634065,21.463054353839823,0.016230537666407148,-0.22025025688051314,-0.07539541813165873,False,0.0,-0.05593268609856872,2025-07-29,0.0,True,True,True,,False,0.0,0.0,0.0
2025-06-30,GOOGL,180.3734342799105,180.82241920920575,174.1873807915227,175.8336639404297,63378900,-0.012882836108501494,0.06683230349589864,0.027386396644443645,0.12355684994749527,-0.07895833744627956,0.017975949055834013,0.024656501072815546,172.11992645263672,165.68080627441407,171.59997192382812,0.02157645290892507,0.06127962492649641,0.024671868935274954,0.03886461155649901,-0.03449397795963238,-0.013269791551157928,-0.013269791551157928,0.4958748258165382,22.710471470336827,0.023206300558594094,-0.27094485130929713,-0.09617045330305163,False,0.0,0.11076428165733576,2025-07-29,0.0,True,True,True,,False,0.0,0.0,0.0
2025-06-30,JPM,286.3178803397518,288.5362523931413,284.8587037568908,285.83477783203125,12689200,0.009752394759983796,0.04182999774754115,0.09814402351277951,0.1866231911764873,0.20520479509231682,0.009237744238342359,0.021234146196623088,269.04957275390626,257.6626217651367,239.73857749938963,0.062387034873599534,0.10933738030723728,0.19227694104741633,0.04419325904068838,0.07476495628156754,0.0,0.0,0.455505633701037,21.582252599981878,0.014643055096092173,-0.5649580561043959,-0.08847916766370778,True,0.0,0.029529904975681864,2025-07-29,1.0,True,True,True,,False,0.0,0.0,0.0
2025-06-30,META,742.8054817668852,746.1476691378697,732.5296271967599,736.3606567382812,15402100,0.0060794065461153846,0.056633083731144396,0.1408020796780629,0.2649768200932019,0.2227560620237503,0.016777310485826858,0.03267166588130782,696.577294921875,635.0699182128906,609.0298985290527,0.05711263072516326,0.15949541242707022,0.20907144052658433,0.0968513465132601,0.04275655390109834,0.0,0.0,0.2091610508532058,22.90748551316476,0.020200803162252548,-0.4864874491929251,-0.12417474041513898,True,0.0,-0.051606224625520114,2025-07-29,1.0,True,True,True,0.046409417074149834,True,0.25,15840.0,600.0
2025-06-30,MSFT,494.1693427257206,497.86785899517616,492.4691970236715,494.5372009277344,28369000,0.0029640831673793944,0.023477462330901755,0.08048059364909244,0.3040329918436957,0.1794552872766031,0.006471250067496027,0.020753824446597298,475.78561248779295,445.31851989746093,419.65871063232424,0.039411844216753256,0.11052466679716466,0.17842710850106358,0.06841640585113629,0.06114446957737041,-8.0400841697581e-05,-8.0400841697581e-05,0.41401318014400323,22.98338460632042,0.012196434689335834,-0.6881899967811946,-0.22355239819460326,True,0.0,0.03047788660224815,2025-07-29,1.0,True,True,True,0.04441378193935436,True,0.25,15840.0,600.0
2025-06-30,NVDA,158.37368067249696,158.6336472456001,155.93409881773164,157.96376037597656,194580300,0.0015214888165202556,0.09585916010312534,0.16925162252476178,0.43090916378936184,0.09376004040197006,0.015378034725931664,0.03743394927787595,145.6673553466797,130.60309616088867,129.41278686523438,0.08441428074280721,0.20949475946100504,0.22061941638328286,0.11534381365073854,0.009197771908689534,0.0,0.0,0.018399303608136464,24.05250440105552,0.0209918599197012,-0.5891955024093511,-0.26165754126460006,True,0.0,0.1108929956039777,2025-07-29,1.0,True,True,True,0.055109189979777276,True,0.25,15840.0,600.0
2025-06-30,XOM,105.9985585105668,106.19369279204032,105.10092890555543,105.17898559570312,19199000,-0.014445015247984694,-0.03526039079245358,0.05376341127165962,-0.08323198758953543,0.017670877625070025,0.015577852674144018,0.020675883320647626,105.79317779541016,104.03407745361328,107.45376228332519,-0.005805593635676565,0.011005126109762786,-0.021169818899631654,0.016908885865607237,-0.03182471006175824,-0.06015682936942257,-0.06015682936942257,-0.06358743220105245,21.50361218938875,0.01999624471229709,-0.24656894060785028,0.13699539886119505,False,0.0,0.047124260664064055,2025-07-29,0.0,True,True,True,,False,0.0,0.0,0.0
2025-07-31,AAPL,207.85748415888983,209.20337937318877,206.5315173151756,206.94027709960935,80698400,-0.007079571638254234,-0.02895756144017203,-0.022924045417406447,0.045010853842827325,-0.10783496585087071,0.0074213088626884595,0.01359370971607603,210.75465698242186,204.74354858398436,220.689108505249,-0.018098674247234547,0.010729170861878856,-0.06229954662811399,0.0293592078481133,-0.07225349737132758,-0.0318562793888475,-0.0318562793888475,0.7294894186689334,23.008278002210805,0.015211141032504833,-0.45406301755053957,-0.06793489926023377,False,0.0,0.1216646052754018,2025-08-28,0.0,True,True,True,,False,0.0,0.0,0.0
2025-07-31,AMZN,235.7700042724609,236.52999877929688,231.3999938964844,234.1100006103516,104357300,0.017029402351838252,0.008095443816044545,0.06452347471604347,0.25629188592731134,-0.019763016306644565,0.010397740901945575,0.016014234032683854,226.90650024414063,217.39220123291017,209.43765029907226,0.03174655798075565,0.07690155986566549,0.11780284144731268,0.04376559488919751,0.03798052032420629,0.0,0.0,1.6558568426603335,22.913094162757787,0.01477271259836635,-0.35071881173182795,-0.19176841121126786,True,0.0,-0.01072143223395905,2025-08-28,1.0,True,True,True,0.024316030590800675,True,0.25,16060.0,600.0
2025-07-31,AVGO,301.7047876274771,305.8398017786324,289.18027528990467,292.6377258300781,25488500,-0.029475872703758732,0.017283788474546258,0.0881808468928218,0.46667628222384283,0.2762884064976936,0.016507583662962202,0.020187822000502544,282.6439910888672,262.96325256347654,212.3408974456787,0.035358030088348036,0.11284646420107114,0.37815055578231727,0.07484216267305244,0.23840134296667048,-0.029475872703758732,-0.029475872703758732,0.5423809069963406,22.266470451127166,0.026293471997487227,-0.18229992009285245,-0.37849543533102104,True,0.0,0.050902201685591786,2025-08-28,1.0,True,True,True,0.045561564880956626,True,0.25,16060.0,600.0
2025-07-31,COST,921.5153239437004,942.0198038953793,921.1568342498392,935.7360229492188,2564400,0.013078011921745292,0.0062540143900415845,-0.04348708503776022,-0.07414598807539619,-0.10379386608705632,0.0076302141947052335,0.010728492148988097,952.4164215087891,982.4202478027344,962.2315884399414,-0.017513766229634853,-0.04751960778284936,-0.027535539062565784,-0.030540724665489516,0.020981081483226527,-0.052954108074590334,-0.11090499787513985,0.23643937859808495,21.40342520503934,0.013679619847739707,-0.2887896930208492,0.030658903037635965,False,0.0,0.007055006297982835,2025-08-28,0.0,True,True,True,,False,0.0,0.0,0.0
2025-07-31,GOOGL,195.2698429128764,195.54921195775628,190.66022322341527,191.4683990478516,51329200,-0.023558802420669767,-0.001405012109127135,0.0742275075293084,0.170040116626623,0.0039330617044013305,0.011604902822533958,0.01828710543826151,185.28534317016602,177.15652252197265,174.19185821533202,0.033370453225795904,0.08078661921185448,0.09918110415449322,0.04588496394303032,0.01701953430553438,-0.023558802420669767,-0.023558802420669767,0.2911690758551644,22.724819579893552,0.021282200599345564,-0.3654051560148277,-0.0958126090973146,True,0.0,0.10286615323324932,2025-08-28,1.0,True,True,True,0.024818705115389077,True,0.25,16060.0,600.0
2025-07-31,JPM,296.3559134765009,298.17878493737805,292.7497765059144,293.4828796386719,14749700,-0.01131398841788911,-0.0010452990627312087,0.01940807033804992,0.17859973456879352,0.08162039367694707,0.012091437424911486,0.010652057484388733,289.1198791503906,276.26537841796875,249.16869155883788,0.0150906278084455,0.06232232688474748,0.1778481389559723,0.046529539119353425,0.1087483611588993,-0.01131398841788911,-0.01131398841788911,0.6289353393389812,21.68278457174996,0.017010035010728553,0.13512694074663556,-0.1591916642307436,True,0.0,0.016304408295151118,2025-08-28,1.0,True,True,True,,False,0.0,0.0,0.0
2025-07-31,META,773.3836936232736,782.9113054874113,763.7163951695271,771.6278076171875,38831100,0.11252712930803033,0.08203696335186983,0.08390199746410643,0.29162982272508775,0.08811040339702769,0.027514411329961606,0.02243608127871611,714.3518249511719,694.9355688476562,626.0478576660156,0.08017895477474357,0.11035877598940935,0.2325380530713932,0.027939649334271177,0.11003585482819567,0.0,0.0,2.1023271588145978,22.920417155895525,0.01905815777484447,0.2263465704264065,-0.20772782526098132,True,0.0,-0.028870977310389234,2025-08-28,1.0,True,True,True,,False,0.0,0.0,0.0
2025-07-31,MSFT,552.0232408256204,552.2420017670738,528.8280273057109,530.4187622070312,51617300,0.03947474498101644,0.04427658778057686,0.08635893638247216,0.2253924591469738,0.28793991260473306,0.010509342667616803,0.009016089863410012,504.83238372802737,484.43188842773435,428.74920120239256,0.05068291833827421,0.09492949344963919,0.23713061323383133,0.04211220563226048,0.129872398757092,0.0,0.0,1.862722185233138,22.937784533955416,0.013432592920370015,0.16562088741671244,-0.13903352276450165,True,0.0,-0.04315317130514762,2025-08-28,1.0,True,True,True,,False,0.0,0.0,0.0
2025-07-31,NVDA,182.86960179799485,183.26954448460756,175.9007587673991,177.84043884277344,221685400,-0.007809521101566741,0.023771089619391894,0.13112880529877113,0.562839136177431,0.38248906251427117,0.014773713816921339,0.018980113516127984,169.3148635864258,153.69639068603516,134.53226547241212,0.050353377581619174,0.15708923318868795,0.32191662883460714,0.1016189959352749,0.14245002971092413,-0.007809521101566741,-0.007809521101566741,0.38016976334506447,24.02715470153667,0.02025506740444193,-0.22162141947319436,-0.43171033087865984,True,0.0,0.012930813694540522,2025-08-28,1.0,True,True,True,0.02582751869766024,True,0.25,16060.0,600.0
2025-07-31,XOM,107.67674372423863,109.7647118700778,107.67674372423863,108.92562103271484,17233700,-0.0023234932984513845,0.007672216389208675,0.0053129049046214405,0.09100643862800828,0.048381551549878665,0.01302565759540283,0.013169201892324274,109.06806755065918,106.34648864746094,107.16859573364258,-0.0013060332060818025,0.024252163076147637,0.016394964280759927,0.025591619787469266,-0.007671156653250355,-0.03283370308315736,-0.03283370308315736,0.18714412265945857,21.18010698021134,0.01608459678199526,-0.01089999971866995,-0.08569353372338684,False,0.0,0.024764975013481294,2025-08-28,0.0,True,True,True,,False,0.0,0.0,0.0
2025-08-29,AAPL,232.0676707602769,232.9360260407387,230.92984008944924,231.6983795166016,39418400,-0.0018060015285240594,0.019230796338025602,0.14835182619777876,0.1458606097367534,0.022983224570323646,0.017306940324803344,0.013763887832320227,225.2705436706543,214.97164825439452,220.25460350036622,0.0285338497488814,0.07780901062084644,0.05195703442455568,0.04790815672619386,-0.02398567458755929,-0.005100106962032447,-0.005100106962032447,-0.2920829499824271,23.24718530985514,0.0204419249827986,0.25741654797297575,0.0024912164610253473,False,0.0,0.09601961462891473,2025-09-29,0.0,True,True,True,,False,0.0,0.0,0.0
2025-08-29,AMZN,231.32000732421875,231.80999755859372,228.16000366210935,229.0,26199200,-0.011226278216735053,0.0006991944794174643,0.06635622817229336,0.1050523800670422,0.1771358481707297,0.015615291492125873,0.01751213677586309,225.16699981689453,223.98660034179687,212.81795028686523,0.017022921592517726,0.02238258739832122,0.07603705275481887,0.005269955762069678,0.05247983095353104,-0.011226278216735053,-0.021827348669553825,-0.30634886237077874,22.858747630143085,0.019049519378830555,-0.10831603864307593,-0.03869615189474884,True,0.0,-0.029825335506789008,2025-09-29,1.0,True,True,True,,False,0.0,0.0,0.0
2025-08-29,AVGO,305.899592885595,305.899592885595,292.59787208762094,296.3143920898437,21610700,-0.03648133788721575,0.011530638565809381,0.030314580504325672,0.14175733851043804,0.6209920966528741,0.019839813735549557,0.019705986618082472,299.8321136474609,286.20985534667966,225.42101181030273,-0.01173230417123805,0.03530464291987645,0.31449322186167583,0.04759535021699701,0.2696680449093727,-0.049355784273670045,-0.049355784273670045,0.22579717485875572,22.387426128402364,0.030238474788516167,0.006791190923893353,-0.11144275800611236,True,0.0,0.10448163318272696,2025-09-29,1.0,True,True,True,0.02585548524532332,True,0.25,16260.0,600.0
2025-08-29,COST,942.3774788738272,945.977445957824,937.85009998753,940.7021484375,1609000,-0.0017355754097022613,-0.01587828622393672,-0.009658685658988975,-0.10180112242340889,0.012251140800669802,0.01176313244910493,0.010758069004123664,964.1155090332031,962.8615954589844,970.3867614746093,-0.02428480859018811,-0.023014156059388058,-0.030590496712877946,0.0013022781053189103,-0.0077548110860350405,-0.05152982058748501,-0.06927817303815309,-0.282106653340948,21.491951095485565,0.014911307297566295,0.09342414931490173,0.09214243676441991,False,0.0,-0.02803918958058882,2025-09-29,0.0,True,True,True,,False,0.0,0.0,0.0
2025-08-29,GOOGL,210.0365409975429,214.167229203444,209.72724064780297,212.43115234375,39728400,0.006000717545431078,0.033092392759034306,0.12573361881473244,0.26847795088412396,0.2851495902341139,0.012601174923810864,0.014000415817187035,202.28252639770508,189.7726266479492,177.80005531311036,0.05017055168715778,0.11939828254490603,0.19477551325646902,0.06592046477263147,0.06733727564794534,0.0,0.0,0.36350649098815646,22.498960352665534,0.020720285448771535,-0.09994280967415625,-0.14274433206939152,True,0.0,0.14728419019029615,2025-09-29,1.0,True,True,True,,False,0.0,0.0,0.0
2025-08-29,JPM,299.2289404362671,300.1304747492805,296.94044188536884,298.6147155761719,6796400,0.001162616522558002,0.017485980592183648,0.041642240164738054,0.14628776992070414,0.3122802250709851,0.00923408544872897,0.010669602876851005,290.65199279785156,288.2560693359375,256.57854209899904,0.027396071506925468,0.03593557028685579,0.16383355027776836,0.008311788429758327,0.12346132680384447,0.0,0.0,-0.006528954190612168,21.410338171827053,0.016214271151170627,-0.1345427233507035,-0.10464552975596608,True,0.0,0.04734253128280819,2025-09-29,1.0,True,True,True,0.013647599989382994,True,0.25,16260.0,600.0
2025-08-29,META,743.5338383928589,745.3894657992533,733.6270507950396,736.96923828125,9070500,-0.01652220963264639,-0.02131711568239414,-0.015079808730838029,0.07459604875938464,0.23735529777883801,0.01626711797942046,0.020678978529074847,760.7787872314453,733.3630786132812,645.443864440918,-0.03129628395244932,0.004917291002415336,0.14180222151404465,0.03738354086492124,0.1362151211221423,-0.06493664191828519,-0.06493664191828519,-0.11722369992321147,22.781625512814962,0.019555352224395608,-0.21335002323500984,-0.08967585749022267,True,0.0,0.007041779935639703,2025-09-29,1.0,True,True,True,0.030899530474090258,True,0.25,16260.0,600.0
2025-08-29,MSFT,506.5535790393771,507.4896888132377,502.40083415821226,504.59173583984375,20961600,-0.005788381951071675,-0.0010646393529660791,-0.0316480708935154,0.09410604062134009,0.33747550342201826,0.009722258408425985,0.00979554885311474,513.2535034179688,505.5398883056641,439.06597381591797,-0.01687619766926618,-0.0018755245387225283,0.14923898897116095,0.015258173075436643,0.15139846504620258,-0.052492424277154504,-0.052492424277154504,-0.01568144886641787,23.113979145044052,0.014475099604294234,-0.0074820151262325885,-0.1257541115148555,False,0.0,0.015611031069532322,2025-09-29,0.0,True,True,True,,False,0.0,0.0,0.0
2025-08-29,NVDA,178.08040158317536,178.12038822306508,173.12121914292007,174.1510467529297,243257900,-0.03324642868305783,-0.0214058098323604,0.002647890867644831,0.22739630300135127,0.6284176145955953,0.015909116137750808,0.016341985509221307,179.66913604736328,170.49366394042968,138.71704460144042,-0.030712505307416538,0.021451722767702908,0.25544086707799796,0.05381708560231013,0.22907508900791052,-0.04902821537066082,-0.04902821537066082,0.4290952942668673,24.142367403863062,0.026420105061632837,-0.026488174966636913,-0.22474841213370644,True,0.0,0.04409391156509379,2025-09-29,1.0,True,True,True,,False,0.0,0.0,0.0
2025-08-29,XOM,111.98751979045258,113.0412184425248,111.8496532388292,112.54883575439452,14597900,0.008292852733821965,0.027048867318759884,0.05211146532543354,0.12760019910336218,0.04128741005820591,0.0089379644233066,0.01291111775009373,106.61275901794434,107.74230758666992,106.41524898529053,0.05567885862001809,0.04461133490999458,0.05763823162178405,-0.01048379781375064,0.012470568025103601,0.0,-0.0006626570787554575,-0.052329948279634,21.218303146180798,0.015790567918315953,-0.30773116655669,-0.07548873377792864,True,0.0,-0.0006123914986175816,2025-09-29,1.0,True,True,True,0.015350818338594766,True,0.25,16260.0,600.0
2025-09-30,AAPL,254.3751575512532,255.4331385813304,252.6284867333586,254.1455993652344,37704300,0.0007861150085717306,0.0007861150085717306,0.10843634722875728,0.2141890757518532,0.4804156761341225,0.01822648950738486,0.015616536250673874,242.6619789123535,229.65355224609374,221.21911987304688,0.04732352593658118,0.10664780439753585,0.14884102021146894,0.05664369890660392,0.038127049677655345,-0.008720283515152638,-0.008720283515152638,-0.38263593886926217,23.419267629556884,0.018049019378370793,0.16712753806711533,-0.10575272852309592,True,0.0,0.05643478149143766,2025-10-28,1.0,True,True,True,,False,0.0,0.0,0.0
2025-09-30,AMZN,222.02999877929688,222.2400054931641,217.88999938964844,219.57000732421875,48396400,-0.011702709034319914,-0.005165145915320246,-0.025605702970812105,-0.0174519795730107,0.28659324160654864,0.017123991722247676,0.018203675934752587,228.22699966430665,227.10999938964844,214.70440017700196,-0.037931499572010585,-0.033199736188160744,0.022661888360022475,0.004918322740786962,0.05777990205333161,-0.07836634376454898,-0.07836634376454898,0.04498960924521844,23.079521143942195,0.019175980917502,-0.05931132900710945,-0.008153723397801405,False,0.0,0.04408613359240676,2025-10-28,0.0,True,True,True,,False,0.0,0.0,0.0
2025-09-30,AVGO,329.4895586921265,330.41777534323023,323.99007149680943,329.27996826171875,20109500,0.006129927076452324,-0.026641886425619266,0.10808490413542371,0.20532239538847574,1.1230091831787585,0.03484696068121514,0.0247107269910579,340.00670623779297,314.04638427734375,243.39483642578125,-0.03154860706945051,0.04850743312784567,0.3528634095001706,0.08266397341331233,0.2902754589582528,-0.10578439781178428,-0.10578439781178428,-0.34517731124616735,23.07339489990376,0.033308619893129866,0.4101956892577565,-0.09723749125305203,True,0.0,0.13052039853024788,2025-10-28,1.0,True,True,True,0.004590137017430211,True,0.25,16470.0,600.0
2025-09-30,COST,913.7073049645109,927.9277416266848,910.835292413614,923.061279296875,3096700,0.009554207519456792,-0.019044058979159395,-0.014049600031084353,-0.06578204631012763,0.021315040100130966,0.011242885669750945,0.010395751633343144,948.4296752929688,951.8735009765625,970.0819659423828,-0.026747788114345417,-0.030268960791668187,-0.04847083885311665,-0.0036179446954458516,-0.018770027281284185,-0.054756183752650345,-0.06931636263652008,0.26338679210643345,21.56120635413292,0.014307282224575632,0.08148848359273209,0.051732446279043276,False,0.0,-0.0015881311627861106,2025-10-28,0.0,True,True,True,,False,0.0,0.0,0.0
2025-09-30,GOOGL,242.48058753408856,242.9599320717839,238.92541967317948,242.77020263671875,34724300,-0.003892598978159967,-0.034014139898721596,0.15125353458155422,0.3763076498271807,0.6835659346362986,0.023964193195167707,0.016853453093601176,243.7292053222656,217.20044189453125,185.07634719848633,-0.003934705667623439,0.11772425746078241,0.3117300309388442,0.12213954629344759,0.17357212405750166,-0.04561870680403435,-0.04561870680403435,-0.11184518043206504,22.97245228364082,0.021376521325092414,0.4219159161077972,-0.22505411524562646,True,0.0,0.10024683554964908,2025-10-28,1.0,True,True,True,,False,0.0,0.0,0.0
2025-09-30,JPM,313.3066687483855,314.45587628391564,307.22379907069933,312.4942932128906,11823300,-0.0008236524972935477,0.00860143923355916,0.05248577216761552,0.0803507616928476,0.4614729290022326,0.010302561406561338,0.010568905856080625,305.06211853027344,297.00639587402344,263.49973091125486,0.02436282393377409,0.05214667951270813,0.1859378077245053,0.027123061214031408,0.1271601486912084,-0.00199322356617726,-0.00199322356617726,0.3486110445738688,21.709074536546762,0.016858205962497798,-0.025200759013862317,-0.027864989525232087,True,0.0,-0.027218172831867116,2025-10-28,1.0,True,True,True,0.002446666694945133,True,0.25,16470.0,600.0
2025-09-30,META,741.0106631587118,741.729431724798,725.0872827303901,733.15380859375,16226800,-0.012133528187355913,-0.027826423358727648,-0.00031882959660778365,0.023005023901644384,0.4407700040409235,0.011294027651260006,0.019782465690693384,755.6191467285156,750.5663708496094,663.7142135620118,-0.029731033460481004,-0.023199230517281344,0.10462273311742232,0.006731950797618014,0.13085776304455,-0.058153567331989287,-0.06977764247950113,0.44189197894937937,22.865221697240568,0.019500970303128397,-0.4290889807243161,-0.023323853498252167,False,0.0,0.02323053495207117,2025-10-28,0.0,True,True,True,,False,0.0,0.0,0.0
2025-09-30,MSFT,511.11459757878936,516.0142062084105,507.54943619028296,515.8051147460938,19728200,0.006510017339799168,0.017123850501063576,0.02539993832519105,0.04235609118269679,0.46591260744190444,0.010233916575197595,0.010376246609216181,505.9899215698242,509.85593078613283,447.8653825378418,0.01939800133927183,0.011668362768259,0.15169677063065135,-0.007582552213029503,0.13841335067474936,0.0,-0.031436269947875406,-0.027922073922603596,23.05332461476091,0.014280956647450455,-0.013716909339082983,-0.016956152857505735,True,0.0,0.0465682501294824,2025-10-28,1.0,True,True,True,0.0038446112166654993,True,0.25,16470.0,600.0
2025-09-30,NVDA,182.06000352373024,187.32942897828707,181.4600633204032,186.55950927734372,236981000,0.026010341701790285,0.04567619863458883,0.09257828466562956,0.17916142573018345,0.9377307385694562,0.020275973984583473,0.017555083445177682,175.96978836059571,177.02879089355469,142.2626495361328,0.060179199028458585,0.05383710940849018,0.3113737856397796,-0.0059820921083719725,0.2443799653020784,0.0,0.0,0.2952151027412009,24.19694966461943,0.025422015021249723,0.15499160387945699,-0.08658314106455389,True,0.0,0.07744673723111806,2025-10-28,1.0,True,True,True,,False,0.0,0.0,0.0
2025-09-30,XOM,111.62316061513285,111.76102717505448,110.23464525787536,111.03230285644533,18076200,-0.012869933168811798,-0.010530920479550065,-0.016915173249375415,0.024202847145395,0.1396973290320016,0.01439527426422421,0.01231226509156,111.28932456970215,108.87799530029297,106.22962951660156,-0.0023094911776182503,0.019786436645996552,0.04521029925170916,0.022147076300941926,0.024930575355885276,-0.038133422232843994,-0.038133422232843994,0.07347739641259654,21.351957807470228,0.016659260504206012,0.16918163775503037,-0.041118020394770416,True,0.0,0.020221702047367174,2025-10-28,1.0,True,True,True,-0.001432149488052429,True,0.25,16470.0,600.0
2025-10-31,AAPL,276.4630533049319,276.79244258078194,268.647962249571,269.85565185546875,86167100,-0.003795042898427692,0.028726795237108638,0.047864514917259404,0.23018156893040387,0.28410665283806624,0.015458060189874476,0.015409256202713228,258.01771240234376,247.7761328125,222.57287086486815,0.045880336442427394,0.08911075813616409,0.21243730561981944,0.041334003697579114,0.11323600153827207,-0.003795042898427692,-0.003795042898427692,0.8014482944255561,23.240757138435878,0.019369336143009935,0.00316718643127345,-0.18231705401314446,True,0.0,0.04809869914267595,2025-12-01,1.0,True,True,True,0.009346302421853688,True,0.25,16700.0,600.0
2025-10-31,AMZN,250.1000061035156,250.5,243.97999572753903,244.22000122070312,166340800,0.09584492754129248,0.08924666119997204,0.11256893686951308,0.09451887185216101,0.17053298473514067,0.028175733702261955,0.02042130623987816,222.34550018310546,225.49100006103515,214.45235015869142,0.09838067790705729,0.08305875247614525,0.1388077633095841,-0.013949558417312824,0.051473671863121684,0.0,0.0,2.1148638438028944,23.208657784555808,0.02286046974213355,0.37972240224482623,0.018050065017352068,True,0.0,-0.04233885957827965,2025-12-01,1.0,True,True,True,,False,0.0,0.0,0.0
2025-10-31,AVGO,377.5475866763708,378.09655458766673,364.4027551837544,368.9241027832031,21598400,-0.01816877169016151,0.04376923409668354,0.09238412789262918,0.21893366010570903,0.6749471370530826,0.032789563526107963,0.028961038384034556,351.34823150634764,338.3663598632813,257.6800836181641,0.05002407782587048,0.09030963637244804,0.43171368777527586,0.03836631882765107,0.3131257763975266,-0.04235973478012167,-0.04235973478012167,0.004935482782807421,22.747275358869356,0.0339768946082946,0.13219571381749806,-0.12654953221307985,True,0.0,0.044503948041613395,2025-12-01,1.0,True,True,True,0.03897983388547949,True,0.25,16700.0,600.0
2025-10-31,COST,914.9600587680158,918.7448662198724,908.4389382323968,910.20654296875,2456300,-0.008085927790490444,-0.020812880011556345,-0.002884601369112616,-0.0662033507872023,-0.1005225692003543,0.012618551126417665,0.011017211753604605,927.6325256347657,937.2563610839844,968.4458581542968,-0.018785437319687848,-0.028860639669545662,-0.06013688291934216,-0.010268092966675968,-0.032205720957653394,-0.044241814225154164,-0.08227724945036308,0.06110776315476851,21.486815802373723,0.0143578066193529,0.14534887852084122,0.06331874941808968,False,0.0,0.0005595184386271157,2025-12-01,0.0,True,True,True,,False,0.0,0.0,0.0
2025-10-31,GOOGL,282.82575062167336,285.6119738650845,276.6541425566326,280.8085021972656,39267900,-0.0010303957518730256,0.08183277557684998,0.14607692232960612,0.43212637903828344,0.7782542404539359,0.018093089965534288,0.018285638891078905,255.1523696899414,243.48755981445314,192.20324295043946,0.10055220156685718,0.15327658797538768,0.46099773285133105,0.04790721088328831,0.2668233692458435,-0.0010303957518730256,-0.0010303957518730256,0.2229470395437576,22.838210057191308,0.024798204133533324,-0.010530062782687755,-0.2860494567086773,True,0.0,0.11984796446418211,2025-12-01,1.0,True,True,True,0.01041668499152832,True,0.25,16700.0,600.0
2025-10-31,JPM,307.1544993342095,311.46504195719143,305.8702836157328,309.722900390625,7721300,0.005429059346765408,0.0355477873316048,0.008394544276508986,0.08953991227641689,0.2079935392758585,0.01351538552358113,0.010905218098347205,301.8026428222656,302.57326171875,271.22028686523436,0.026243168364246783,0.023629446406671528,0.14196066957381426,-0.0025468836608593115,0.11559966703041846,0.0,-0.010844165413287588,-0.07287678601768566,21.644888388825244,0.02142893701519465,0.2393503185075705,-0.0811453679999079,True,0.0,-0.007071140013794497,2025-12-01,1.0,True,True,True,,False,0.0,0.0,0.0
2025-10-31,META,673.383812052831,673.7631824593219,644.4921293755289,647.2674560546875,56953200,-0.02718798606980577,-0.12190526675670488,-0.08755067917690162,-0.1483827002234156,0.01541502271482953,0.029614904596634076,0.019978104816190452,718.61015625,737.163271484375,676.6628088378907,-0.09927872515413327,-0.12194831037725251,-0.04344165572463943,-0.025168257768751534,0.08941006045594335,-0.1374539754574272,-0.17874987231891992,2.131022206193853,23.266272277746367,0.023657024529319542,0.4823680658955132,0.06083202104651397,False,0.0,-0.011536912897236462,2025-12-01,0.0,True,True,True,,False,0.0,0.0,0.0
2025-10-31,MSFT,526.6898137654194,527.1279940743384,512.9668501497666,515.6656494140625,34006400,-0.01512103683912347,-0.011076984303489246,0.0008892142786063317,-0.004183326147391364,0.15659837118391473,0.0124045283761265,0.010160976535174197,519.582894897461,511.69758544921876,458.29581130981444,-0.007539211782888855,0.007754705274523044,0.12518080394469333,0.015410097042610982,0.11652250101693373,-0.0447544953658755,-0.0447544953658755,0.6609573861450939,23.090918393719296,0.016047144185591177,0.22080080917280065,0.005072540425997696,True,0.0,-0.05824333687708805,2025-12-01,1.0,True,True,True,,False,0.0,0.0,0.0
2025-10-31,NVDA,206.4273301118577,207.94716749796044,202.04782138155983,202.4677734375,179802200,-0.0019714724306379994,0.08713639231965797,0.07925599987116194,0.12021588228053526,0.6464673349605763,0.02427760731800047,0.019889916265938907,188.2828254699707,181.89666564941408,148.18557495117187,0.07533851232645561,0.11309227530170607,0.3663122979697213,0.03510872394365516,0.22749239060111104,-0.021976424705559383,-0.021976424705559383,0.003705010575895784,24.248122902765672,0.028538470435319013,0.2205987694164102,-0.040959882409373316,True,0.0,-0.11146228240894818,2025-12-01,1.0,True,True,True,,False,0.0,0.0,0.0
2025-10-31,XOM,112.24356680542397,113.47452359060154,110.90428522209764,112.6177749633789,20213400,-0.002877334427119016,-0.00892622148647404,0.009712118874988906,0.089421091600002,0.06712380600415946,0.010250721337811653,0.011180072250635355,111.92351379394532,111.4646127319336,107.18041107177734,0.006202996545584982,0.010345545578834159,0.05073094828830449,0.004117011226830725,0.03997187188699236,-0.017947544119898295,-0.024398566786198117,0.6432843574424358,21.043428002106467,0.016001417880443524,-0.08312566251715303,-0.0797089727250131,True,0.0,0.02876979442568972,2025-12-01,1.0,True,True,True,0.010484756029952922,True,0.25,16700.0,600.0
2025-11-28,AAPL,277.0008150112318,278.73917862681736,275.73198274965245,278.5893249511719,20135600,0.0046838874009274,0.047323963634210875,0.028446373472958753,0.16406843596158116,0.3871287524386169,0.009425571402713863,0.013914260716716066,271.2598373413086,262.21356018066405,226.5473927307129,0.027020172546373233,0.06245201338643591,0.2297176391798912,0.03449965422997847,0.15743358164508203,0.0,0.0,-0.582138558808017,23.29284973788261,0.0204718431594509,-0.3225963208098912,-0.1356220624886224,True,0.0,-0.018253519213610958,2025-12-29,1.0,True,True,True,0.0198504630459606,True,0.25,16900.0,600.0
2025-11-28,AMZN,231.2400054931641,233.2899932861328,230.22000122070312,233.22000122070312,20292300,0.017716868099636462,0.07405361460925408,0.04648658611674761,-0.010437845941646318,0.07484563468033523,0.030339107218556004,0.021860426773112774,236.6715003967285,227.56740051269531,214.6783502960205,-0.014583501478799499,0.02483923749743089,0.08636944945363845,0.04000616900101783,0.060038891667008265,-0.0818110188161294,-0.0818110188161294,-0.6202125819847324,23.262592799241684,0.025990885253269775,0.38785521131140865,0.056924432058393926,True,0.0,-0.004930940272983242,2025-12-29,1.0,True,True,True,0.0086943460763374,True,0.25,16900.0,600.0
2025-11-28,AVGO,398.5873688295901,402.2303923458253,396.40154862798926,402.1904602050781,13365500,0.013557343304599456,0.16187066881955614,0.07036420385279807,0.31868798971223455,0.6562980185405409,0.03359449878524314,0.033049542773318986,358.5260040283203,350.4253009033203,270.2783293914795,0.1217888122093056,0.1477209527060932,0.48806033066207477,0.0231167758267401,0.2965349522926548,0.0,0.0,-0.4036590717284517,22.81108362337685,0.04433054205766397,0.016489063575309215,-0.24832378585943649,True,0.0,-0.13128219284395137,2025-12-29,1.0,True,True,True,0.03561605862974231,True,0.25,16900.0,600.0
2025-11-28,COST,903.7853125543832,912.9527810862122,901.7680489093622,912.3436279296876,1092600,0.005868391851489463,0.02272502110060315,-0.00575700073252039,-0.04290977534067564,-0.08947697353192696,0.010575811232859228,0.011179959881438587,911.0518676757813,921.3923889160156,961.4195248413085,0.001417877839602788,-0.009820746399884617,-0.051045246787266296,-0.011222711805118801,-0.041633371167388966,-0.028860212047045475,-0.06573139624043423,-0.5712889973593034,21.564657224749055,0.016186596341256652,-0.05403853457313301,0.03715277460815525,False,0.0,-0.05007714159064358,2025-12-29,0.0,True,True,True,,False,0.0,0.0,0.0
2025-11-28,GOOGL,322.9313108653273,326.40660086319315,316.3602507133552,319.7456359863281,26018600,0.0007188225980021556,0.10616691811402856,0.13748753667344693,0.37953674488749756,0.8199010272461673,0.024099887543730186,0.01884212371631527,291.94388580322266,267.57788940429685,201.567724609375,0.0952297737170098,0.19496284501746852,0.5862938206301338,0.0910613221935912,0.32748380189757675,-0.010079078028624622,-0.010079078028624622,-0.41828381809681825,23.30585251600531,0.03136663588648608,0.27904305833966325,-0.24204920821405063,True,0.0,-0.020035361742031133,2025-12-29,1.0,True,True,True,0.011828693940811848,True,0.25,16900.0,600.0
2025-11-28,JPM,307.7119943927136,312.3112434497268,306.85584041963983,311.6741027832031,4322400,0.017682960854886964,0.04926597674751432,0.011763094007072095,0.035488381835882654,0.18511567684586705,0.013328345529853456,0.012448239812551169,306.4282745361328,305.30315979003905,275.4025610351562,0.01711926960725596,0.020867595990639032,0.13170371986270935,0.003685237803852104,0.10857051816255936,-0.022876951961950387,-0.022876951961950387,-0.4526529061668988,21.604681804359466,0.02208286277886865,0.07070121804810547,-0.02372528782881056,True,0.0,0.03408079380103879,2025-12-29,1.0,True,True,True,,False,0.0,0.0,0.0
2025-11-28,META,635.0179876534709,646.9679727244463,634.4389389877349,646.8681640625,11033200,0.02263219028971597,0.09980472199605717,-0.027788102827465466,-0.1339246423777184,-0.06508624252422324,0.01878854108285189,0.021043390294551934,618.0378662109375,685.1298559570313,671.3343215942383,0.04664810916572981,-0.05584589776938709,-0.03644407375692904,-0.0979259466840422,0.020549425106156205,-0.0006168887195739936,-0.16900046676786107,-0.5337363111743416,23.408669403544316,0.028396339984787865,-0.10715237326961602,0.10613653955025293,False,0.0,0.01740441475075971,2025-12-29,0.0,True,True,True,,False,0.0,0.0,0.0
2025-11-28,MSFT,486.489626354464,491.5081706450152,485.541777548382,490.88958740234375,14386700,0.013408926747197292,0.02838456661394151,-0.06244127679118905,-0.029606366513210025,0.04440232617345097,0.013355076174673863,0.011893454041266231,496.05614776611327,508.58589111328126,465.36934356689454,-0.010415273325481533,-0.03479511331350693,0.05483868713793094,-0.02463643519434,0.09286505040307746,-0.048046756730589224,-0.09065094374502025,-0.4396470719517589,23.265855311583305,0.021294225186397134,0.12289299040768986,-0.032834910277979024,False,0.0,-0.009979503241123844,2025-12-29,0.0,True,True,True,,False,0.0,0.0,0.0
2025-11-28,NVDA,178.99033405428943,179.2703020816569,176.48061521713345,176.98056030273438,121332800,-0.01808499704797284,-0.02015058895645505,-0.1276061122790818,0.03116604927026856,0.24112918741796596,0.02648778057255613,0.02400519454113454,188.68778305053712,186.80928802490234,153.6409775543213,-0.0620454729952874,-0.05261369938339344,0.15190988185532173,0.010055683234467372,0.21588192810641327,-0.14443157904132153,-0.14509278486077037,-0.4408562954807894,24.429713514518774,0.03876380398733869,0.10341870078026272,-0.15877216154935037,False,0.0,0.063449047893547,2025-12-29,0.0,True,True,True,,False,0.0,0.0,0.0
2025-11-28,XOM,114.1888871955968,117.95379366366068,114.05975068319684,115.1524658203125,7240800,0.010020056172808989,-0.00940006647201097,0.019564928390546354,0.04033726381817426,0.12434051464440388,0.010695855651795512,0.011568991996181329,115.28705139160157,113.24450653076173,108.17138378143311,-0.0011673953810468207,0.016848139905422332,0.06453723521726507,0.01803659111963185,0.04689893548536994,-0.0282504848683226,-0.0282504848683226,-0.5166845553722186,21.270381957605363,0.018476535182887985,-0.07547211932327558,-0.020772335427627908,True,0.0,0.0397688001747003,2025-12-29,1.0,True,True,True,,False,0.0,0.0,0.0
2025-12-31,AAPL,272.80472532736104,273.42414083736213,271.4959524300237,271.6058349609375,27293600,-0.004467601499789753,-0.001835841104918634,-0.05007168772861703,0.060125195111120355,0.2901703224353078,0.006139986716996681,0.011261456545027056,275.21497344970703,272.334921875,231.18949195861816,-0.0131138885487605,-0.0026771701148087246,0.174819117685304,0.01057540309145133,0.1779727511306901,-0.04325188450239792,-0.05007168772861703,-0.33775226515143797,23.151741882608956,0.014030836936642982,-0.45477863432257026,-0.11019688283973739,False,0.0,-0.045538079860853675,2026-01-30,0.0,True,True,True,,False,0.0,0.0,0.0
2025-12-31,AMZN,232.91000366210935,232.9900054931641,230.1199951171875,230.82000732421875,24383700,-0.0073538531116630335,-0.005686189665289332,-0.015357012511074575,0.04490725985435273,0.025775499696173876,0.011073502577497642,0.021171007806033065,228.77250061035156,231.43680053710938,216.8601003265381,0.008949968673702235,-0.002665061094256349,0.0643728697748478,-0.011511997748735792,0.06721706846313524,-0.0073538531116630335,-0.09125981368417813,-0.30259656127595735,22.799049216545146,0.015620948115968824,-0.47694967197820193,-0.06026427236542731,False,0.0,0.036738564502459825,2026-01-30,0.0,True,True,True,,False,0.0,0.0,0.0
2025-12-31,AVGO,349.7300109863281,349.8800048828125,345.4200134277344,346.1000061035156,15346100,-0.010718879332791587,-0.00921791238173919,-0.0912225163244923,0.03359929903752534,0.2659681761124937,0.03390064909390378,0.03351414722998221,362.2586441040039,361.1045825195313,288.1201065826416,-0.04460525169925045,-0.04155188591439185,0.20123517309696548,0.0031959206289224884,0.25331267853031814,-0.16032101325908887,-0.16032101325908887,-0.6337119351464784,23.422990170785873,0.032893894238429346,0.011532498836067662,-0.12482181536201764,False,0.0,-0.04276225960574043,2026-01-30,0.0,True,True,True,,False,0.0,0.0,0.0
2025-12-31,COST,863.4005085327973,866.815825710427,860.164938474844,861.16357421875,1490000,-0.0038237122974391635,0.008832690823216582,-0.0647375402113094,-0.05201216144968801,-0.10880172765822782,0.01116345793466933,0.01144636445279753,872.5459747314453,898.5153930664062,947.6542816162109,-0.01304504386281613,-0.041570594266820415,-0.09126820727275375,-0.02890258590488226,-0.05185318053541532,-0.06497077177116861,-0.09573915754750573,-0.4986566353130788,21.673693047715616,0.015182028626573871,-0.02471584050069764,-0.012725378761621386,False,0.0,0.09183670576521696,2026-01-30,0.0,True,True,True,,False,0.0,0.0,0.0
2025-12-31,GOOGL,312.62992729269524,314.3586907819443,311.22091551782626,312.7798156738281,16377700,-0.0027083771406897217,-0.004294606968074155,-0.008249421206140028,0.2506678192454215,0.7397461445160496,0.014017535926732926,0.019225730267282564,311.97505340576174,296.26606811523436,216.9089688873291,0.0025795724987653923,0.05573958456886352,0.4419865498337141,0.05302323479183335,0.3658543933659395,-0.025104222430470502,-0.03164500572226103,-0.45514005166583216,22.959401489518907,0.020570702412354192,-0.270897087816357,-0.2589172404515615,True,0.0,0.07987223159262968,2026-01-30,1.0,True,True,True,0.04570787842199274,True,0.25,17120.0,600.0
2025-12-31,JPM,322.8835465614906,323.42113019633854,320.59388687095947,320.7730712890625,5048500,-0.0037104376223549007,-0.011382777556488088,0.046576581483254165,0.04217608348281865,0.1287267738391107,0.01647447602643883,0.014408789412773796,316.63424530029295,309.50191406249996,282.8142626953125,0.013071315090521285,0.036417084077504214,0.1342181551665398,0.023044546459097814,0.09436458795552038,-0.021113715305182912,-0.021113715305182912,-0.48652176853762197,21.85264670192876,0.01839239662968578,0.1433629539920782,0.004400498000435515,True,0.0,-0.04639746279454127,2026-01-30,1.0,True,True,True,0.010270167570601396,True,0.25,17120.0,600.0
2025-12-31,META,664.1813161961976,664.4311023248911,658.8758612620638,659.5253295898438,7940400,-0.008799449548235638,-0.007293852480515284,0.020906176495486095,-0.07689635117509308,-0.07865501264480135,0.013682730630073976,0.021263234022488822,657.4618743896484,652.9094201660156,671.6871792602539,0.003138516894399368,0.010132966717107506,-0.01810641924683487,0.006972566305560868,-0.027956107655529028,-0.01899501320530539,-0.12111918218427153,-0.4886981584402087,23.046744819022926,0.02267938531925648,-0.35650754651890726,0.09780252767057918,False,0.0,0.08545806027820779,2026-01-30,0.0,True,True,True,,False,0.0,0.0,0.0
2025-12-31,MSFT,486.7290680267604,487.0284031238816,482.1993981667827,482.5186767578125,15601600,-0.007918308222643278,-0.006634511067947657,-0.013020423032660378,-0.08332837636848467,-0.035759216248051895,0.011153341191895073,0.011807777230108505,482.31214752197263,494.95325256347655,475.18547302246094,0.0004282065813623337,-0.025122727734917416,0.015432297811437845,-0.02553999792108186,0.041600134396535315,-0.017072453237626517,-0.10615764808332229,-0.31123598829044674,23.112799271510323,0.01258674412692926,-0.05542415185007843,0.07030795333582429,False,0.0,-0.11027253387667901,2026-01-30,0.0,True,True,True,,False,0.0,0.0,0.0
2025-12-31,NVDA,189.55975523635485,190.54969193131708,186.47991997410412,186.4899139404297,120100500,-0.005545422619901985,-0.014322713783800456,0.02783197207736987,0.005230126727494566,0.13097811195420195,0.01931797148956899,0.02366875114915642,182.4901237487793,186.3408044433594,160.1037281036377,0.021917844700223954,0.0008001977748015587,0.16480681711366385,-0.020664720784494328,0.16387548653918915,-0.021151462233633622,-0.09915771141388963,-0.2629453128871573,24.11101860356124,0.02270014401985083,-0.18381957003855265,0.022601845349875305,True,0.0,0.02482571515839327,2026-01-30,1.0,True,True,True,0.05114866016831326,True,0.25,17120.0,600.0
2025-12-31,XOM,120.37763974026632,120.45711186085562,119.07631597585063,119.54319763183594,10559900,-0.005372364402120411,0.007703914688155011,0.042988419121060994,0.06298214056145768,0.0614412906625168,0.012166476927486628,0.010977246251702832,117.43972129821778,115.83759460449218,109.40233905792236,0.017911114828659702,0.031989640668868446,0.09269325191067956,0.013830800779278896,0.0588219191836723,-0.005372364402120411,-0.005372364402120411,-0.33471515647887107,21.34378761048182,0.014900397886800837,0.10833597502646164,-0.019993721440396683,True,0.0,0.17500408136799028,2026-01-30,1.0,True,True,True,0.005406004879142643,True,0.25,17120.0,600.0
2026-01-30,AAPL,254.9314433110553,261.6551472598355,251.94423313215475,259.2374267578125,92443400,0.0046461394466286166,0.04612159600225452,-0.045538079860853675,-0.03463463317854354,0.13375323096351632,0.012697973175734697,0.010115074254497872,257.40863647460935,268.044384765625,236.1575919342041,0.007104618975686705,-0.0328563421148077,0.09773064941328946,-0.03967905651265713,0.1350233654156876,-0.04254457260322575,-0.09332959907491722,0.7777281204841497,23.315815143512143,0.02083043742444899,0.2553514542998323,-0.010903446682310136,False,0.0,0.021148853896056474,2026-03-02,0.0,True,True,True,,False,0.0,0.0,0.0
2026-01-30,AMZN,239.88999938964844,243.32000732421875,237.63999938964844,239.3000030517578,46585000,-0.010052507834071744,0.0005853796099044573,0.036738564502459825,-0.05787400373323692,0.07458799419934414,0.018071882541575154,0.01617458808395043,239.08449783325196,232.53679962158202,221.7846501159668,0.000901376795479969,0.029084443585625452,0.07897459507063531,0.028157686105275914,0.04848013376937099,-0.032662307670671686,-0.04356512401852353,0.10645269626739373,23.03082551994945,0.024645599321725598,0.11730094440595695,0.09461256823569675,True,0.0,-0.12916842151240548,2026-03-02,1.0,True,True,True,0.00782225238854287,True,0.25,17320.0,600.0
2026-01-30,AVGO,332.44000244140625,338.20001220703125,328.3299865722656,331.29998779296875,28313000,0.0017233900393278656,0.03515075903479592,-0.04276225960574043,-0.0844465247293874,0.09027968247422713,0.022730022200195488,0.030521978243512188,337.85249786376954,354.16483703613284,304.5024850463867,-0.019394588207078844,-0.06455990785113253,0.08800421691960847,-0.04605860736733458,0.16309342100173918,-0.0657341826837845,-0.19622758407558882,0.09998038038738044,22.884726688178755,0.036199294770034425,-0.255290007127011,0.04168426512364698,False,0.0,-0.03766972812733338,2026-03-02,0.0,True,True,True,,False,0.0,0.0,0.0
2026-01-30,COST,948.8300170898438,951.1199951171876,930.2999877929688,940.25,2396300,-0.011916861492477837,-0.04242611851744116,0.09183670576521696,0.014540909888086206,-0.03885243203454214,0.013579938438017051,0.011888613771633041,939.1247344970703,904.7077233886719,948.5806109619141,0.0011982066509326206,0.03928592151087318,-0.008782185578794843,0.038042132523735006,-0.046251090383085836,-0.04242611851744116,-0.04242611851744116,-0.13471451139697588,21.677863148133568,0.018774140694294984,0.14226424534201065,0.07729579587713076,False,0.0,0.06649297477399618,2026-03-02,0.0,True,True,True,,False,0.0,0.0,0.0
2026-01-30,GOOGL,339.76083067041884,339.76083067041884,332.0562627255977,337.7622375488281,31024000,-0.0007390768797954639,0.030707807217529526,0.07987223159262968,0.19209465331024633,0.6806852428277224,0.011340379373545097,0.01749402564513951,328.6381576538086,317.74273986816405,234.0499033355713,0.02776330040357311,0.06300536619332497,0.4431206026372858,0.03429006053817374,0.35758543515652463,-0.0007390768797954639,-0.0007390768797954639,-0.0017799617237442833,23.046612622783172,0.024782657186548183,-0.35175701673354554,-0.11222242171761665,True,0.0,-0.09313618351915331,2026-03-02,1.0,True,True,True,0.03931216761623771,True,0.25,17320.0,600.0
2026-01-30,JPM,305.25,307.92999267578125,302.5599975585937,305.8900146484375,11953200,-0.0017296480519274349,0.027441936699704073,-0.04639746279454127,-0.006724431493305594,0.0692742978603107,0.016825651733536257,0.01554768038972751,313.1344223022461,312.38665954589845,290.88903175354005,-0.023135136662861377,-0.02079680645423465,0.051569434586338225,0.0023937089933181444,0.07390319140864876,-0.08583118245246024,-0.08583118245246024,-0.01811241369198091,22.057573327729674,0.019934517044473084,0.08219691373724869,-0.03967303130123567,False,0.0,-0.02723206607256401,2026-03-02,0.0,True,True,True,,False,0.0,0.0,0.0
2026-01-30,META,726.8776752394725,731.5436633097714,712.9796010924755,715.8870849609375,23744600,-0.029540407622858034,0.08764953206593051,0.08545806027820779,0.12446777791455221,-0.0672450565139675,0.03098741129021154,0.02174486416209231,651.4222595214844,647.1511450195312,680.0037875366211,0.09896012071618032,0.1062131164727087,0.05276926111589342,0.006599871660312617,-0.048312440488165076,-0.029540407622858034,-0.029540407622858034,0.3023220609778905,23.2167500812269,0.024851367911949272,0.42504506163950695,-0.03900971763634442,False,0.0,-0.0878436987545671,2026-03-02,0.0,True,True,True,,False,0.0,0.0,0.0
2026-01-30,MSFT,438.1699022937122,438.5989157576861,425.47886802078926,429.3101196289063,58566800,-0.007404862064634532,-0.07653182332598973,-0.11027253387667901,-0.16620827080325362,-0.17285265657733884,0.02688600107096609,0.0182855494603319,463.9864730834961,474.99659423828126,483.72287155151366,-0.07473569913394795,-0.09618274144183947,-0.1124874491629505,-0.02317936862777159,-0.01803982781554936,-0.10999649000004286,-0.1618313020659119,0.7123228195782081,23.472877270797383,0.022761435515890133,0.47034143706163944,0.05593573692657461,False,0.0,-0.07165014386925339,2026-03-02,0.0,True,True,True,,False,0.0,0.0,0.0
2026-01-30,NVDA,191.19965692455455,194.47947816452236,189.45974561417185,191.11965942382807,179489500,-0.007168396845442793,0.018436676091954096,0.02482571515839327,-0.07607962734606255,0.046258523517268335,0.016241730192730477,0.0210544565153186,186.7118942260742,183.80504058837892,167.73411930084228,0.02360730801872135,0.03979552906728956,0.13942029338134998,0.015814874436469006,0.09581187986394335,-0.007168396845442793,-0.03973554968988813,0.0903829703684611,24.147836415992927,0.024136843533854386,-0.22858468557887146,0.10090534250445582,True,0.0,-0.0452571763621199,2026-03-02,1.0,True,True,True,0.03546388653427972,True,0.25,17320.0,600.0
2026-01-30,XOM,137.82136923864124,141.2683946138898,136.9173909644709,140.4637451171875,29657700,0.006333976569752764,0.04764006392751341,0.17500408136799028,0.2538392513221561,0.3479778900999295,0.01705477657939893,0.013779181815482943,129.0746700286865,121.72485885620117,111.50065097808837,0.08823632929659864,0.15394461276905957,0.2597571752723742,0.060380527375825555,0.0916963962849151,0.0,0.0,0.4674605224485433,21.685225905545362,0.020701182461539177,0.23772055610989695,-0.07883516995416584,True,0.0,0.09793456732937678,2026-03-02,1.0,True,True,True,-0.001213314914346609,True,0.25,17320.0,600.0
2026-02-27,AAPL,272.8099975585937,272.8099975585937,262.8900146484375,264.17999267578125,72366500,-0.03213049693728531,-0.0015118070783298743,0.023800510135112418,-0.0659583905781096,0.10427440485150319,0.021375829189750103,0.014709231485120744,268.617333984375,265.20051940917966,242.49794746398925,-0.01651919197758056,-0.003848132483571187,0.0894112525014743,0.012883890962232858,0.09361964578509152,-0.04923340314177527,-0.07604321308316786,0.3384294877841365,23.39747889838054,0.025745561426127696,0.45322542590841786,0.08975890071322201,False,0.0,,,0.0,True,True,False,,False,0.0,0.0,0.0
2026-02-27,AMZN,206.8300018310547,210.3300018310547,205.1999969482422,210.0,57422800,0.01000385652833935,-0.0005235381944317385,-0.13126213663323294,-0.10210366163955642,-0.09611329425845128,0.021059701549236646,0.017327811224910773,213.4165008544922,226.59099975585937,224.34630020141603,-0.01600860683598959,-0.07322002980584119,-0.06394712187602847,-0.05814219856729541,0.01000551180219178,-0.13566021486278612,-0.15110358212063235,-0.12322012018566608,23.355124900941668,0.029750088125716372,0.21536997811707703,-0.02915847499367652,False,0.0,,,0.0,True,True,False,,False,0.0,0.0,0.0
2026-02-27,AVGO,310.70001220703125,320.0,310.0,319.54998779296875,28004200,-0.006683320896732958,-0.03938074956824489,-0.03380407831759047,-0.17073814343637073,-0.04234238477554153,0.02594587666389522,0.0274923997937363,328.98899993896487,335.579912109375,317.66343383789064,-0.028690965800519996,-0.047767830367574704,0.00593884518682386,-0.0196403656255264,0.05640082037464689,-0.07091357351662686,-0.224734454691635,0.12054495132162457,22.82328182416696,0.045021272988723327,-0.05625275135833829,0.13693406511878026,False,0.0,,,0.0,True,True,False,-0.2893282101076453,True,0.25,17510.0,600.0
2026-02-27,COST,990.530029296875,1014.1900024414062,989.5800170898438,1010.7899780273438,3935000,0.024373176349380854,0.025901486892126346,0.06221168185185544,0.10988516448578278,0.05202273252652856,0.014508555582451687,0.013317741701206923,988.8794952392578,941.7795690917969,949.0288626098633,0.02215687846048886,0.07327660442039208,0.06507822664911922,0.05001162447480323,-0.007638643885003127,-0.007550469905031387,-0.007550469905031387,0.7742248193086159,21.50924027185251,0.021447210612016758,0.08941560123041326,-0.047673482633927344,False,0.0,,,0.0,True,True,False,,False,0.0,0.0,0.0
2026-02-27,GOOGL,303.92607541564644,312.1502667227519,303.5862877430576,311.54071044921875,44640600,0.014249474647304972,-0.010222799991157605,-0.07831479276008013,-0.009292415082686523,0.3286934895676401,0.015683758754478385,0.013948252899470461,317.51348266601565,319.7585052490234,249.2353260040283,-0.018811082183491146,-0.025700003799444704,0.24998616947335717,-0.007020994113227319,0.2829582000902042,-0.09290346497351365,-0.09290346497351365,0.06278552007522253,23.31830498801541,0.030096258286353976,0.12442460482443729,-0.06902237767739361,False,0.0,,,0.0,True,True,False,,False,0.0,0.0,0.0
2026-02-27,JPM,300.0,302.95001220703125,294.45001220703125,300.29998779296875,18620800,-0.01904425243149721,-0.03375276058926746,-0.01997266942946907,-0.023518852145454572,0.029693295649950935,0.019198496099986882,0.017356393134169246,308.72750091552734,313.03398071289064,297.36826217651367,-0.02729757827717616,-0.04067926712276415,0.009858905570476972,-0.013757227849691911,0.05268120552514777,-0.06854840732599843,-0.10253727940170554,0.7319555793872656,21.922809436101637,0.026874558691298907,0.10613397331909469,0.003546182715985502,False,0.0,,,0.0,True,True,False,,False,0.0,0.0,0.0
2026-02-27,META,642.8995542116262,648.8844201349368,637.5740968396581,647.62548828125,15703000,-0.013439769474314134,-0.01140839999910559,-0.12207611986076927,0.012231166985913644,-0.13728960515985678,0.01700674816520438,0.021688439132504123,661.4266998291016,656.135029296875,689.9976742553711,-0.02086582164194084,-0.012969191760336285,-0.061409172168367276,0.008064910873448072,-0.04907646246060149,-0.09535246285859755,-0.12207611986076927,0.12601016800877685,22.95002294191469,0.028863579681208305,-0.21586112945690805,-0.13430728684668292,False,0.0,,,0.0,True,True,False,-0.3328148225379343,True,0.25,17510.0,600.0
2026-02-27,MSFT,390.8800048828125,396.8200073242188,389.8800048828125,392.739990234375,51367200,-0.022353905603506474,-0.011303327109662087,-0.09195756877011807,-0.19127992999511412,-0.20328662351139803,0.02025882827597674,0.020275046030404528,402.84348754882814,444.46531372070314,483.77856155395506,-0.025080453393772406,-0.11637651328362542,-0.1881823184292276,-0.09364471171766098,-0.08126289785759222,-0.08518347861481201,-0.1999585224131899,0.19622167100341037,23.575848779872903,0.024562340815184644,-0.0007998874282931778,0.09932236122499605,False,0.0,,,0.0,True,True,False,-0.3343075894879061,True,0.25,17510.0,600.0
2026-02-27,NVDA,181.2401979138715,182.5801217841234,176.3704661683341,177.180419921875,311636500,-0.041646311846979644,-0.0665367244051166,-0.07958019133692018,-0.015118563338262114,0.06100974917317736,0.029018874533227608,0.021974158572303143,185.9724349975586,185.61095428466797,174.9364744567871,-0.04727590449519581,-0.04542045697293928,0.012827201828868429,0.0019475182070138874,0.06101917773881782,-0.09393527819302938,-0.09393527819302938,0.5879831879996977,24.3179379706563,0.034425134391452894,0.3205909312861621,-0.06446162799865807,False,0.0,,,0.0,True,True,False,,False,0.0,0.0,0.0
2026-02-27,XOM,151.0,153.64999389648438,149.25,152.5,30275100,0.026659532064465807,0.035442702770017265,0.09256613725379581,0.31626913172114657,0.41773510835823724,0.02029734414747851,0.01686374590643425,147.97296905517578,133.89882064819335,115.8206409072876,0.030593634592384067,0.13891966532460742,0.31669103888031147,0.10511032389120833,0.15608771976470948,-0.013136599982739638,-0.013136599982739638,0.3507408415388802,21.91914468111287,0.024397871986022526,0.2036082766008822,-0.22370299446735076,True,0.0,,,1.0,True,True,False,0.018371657065458548,True,0.25,17510.0,600.0
2026-03-16,AAPL,252.1100006103516,253.88999938964844,249.8800048828125,252.82000732421875,32060100,0.01079486750256109,-0.02716637458036575,-0.011572411717900577,-0.07848736063416184,-0.01084855160711029,0.015219163756148717,0.015067292210024825,262.6014991760254,262.2048391723633,245.46227478027345,-0.03724842349529012,-0.035791985677180116,0.029975003493027952,0.0015127867392310534,0.06820829965450703,-0.07807316050166657,-0.0901172509444349,-0.20261172448107434,23.080756606234317,0.021861061074121273,0.010079551388991304,0.06691494891626126,False,0.0,,,0.0,True,True,False,,False,0.0,0.0,0.0
2026-03-16,AMZN,208.3500061035156,212.72000122070312,207.4499969482422,211.7400054931641,42160000,0.0195984367511175,-0.00819710503991733,0.06514418554454804,-0.048616068404570445,-0.0698062603734021,0.016485616458274673,0.018231901089658848,209.94000015258788,222.9243997192383,224.73100021362305,0.008573903683280593,-0.05017124298713094,-0.05780686557755754,-0.05824575319257819,-0.008038946530151359,-0.03288570781015254,-0.1440698467385494,-0.1274690881193099,23.040017578581832,0.02525476406163658,-0.09578181796821339,0.11376025394911848,False,0.0,,,0.0,True,True,False,,False,0.0,0.0,0.0
2026-03-16,AVGO,326.0199890136719,329.20001220703125,320.0599975585937,324.9200134277344,31333300,0.008567201807334834,-0.060245803535113884,-0.0007688285809772655,-0.04617132936045787,-0.039104733007408465,0.022129258052429657,0.023873061848434077,329.42350006103516,332.6383996582031,323.11059463500976,-0.0136708116830353,-0.023203533441718216,0.0055999983373140605,-0.00966484807668444,0.02948775181437835,-0.060245803535113884,-0.08372570753864506,0.15626579872835222,22.912479008792037,0.038157408859920645,-0.07304483216587498,0.045402500779480603,False,0.0,,,0.0,True,True,False,,False,0.0,0.0,0.0
2026-03-16,COST,1010.5,1012.6500244140624,995.4299926757812,1001.739990234375,1243400,-0.006634077219039192,-0.003541229087657083,-0.016436248679792875,0.16587653485395526,0.06495305286933739,0.011320383105630157,0.012606389849411247,998.2144989013672,972.523291015625,948.3883319091797,0.0035317973610762277,0.030042158875432712,0.05625507667074969,0.02641706180518555,0.02544839312590419,-0.010187241423793014,-0.016436248679792875,-0.3514754012856789,21.372928641985975,0.01826590621784828,-0.1020122936973229,-0.18231278353374814,True,0.0,,,1.0,True,True,False,0.01793086200348685,True,0.25,17620.0,600.0
2026-03-16,GOOGL,304.3500061035156,306.489990234375,303.0199890136719,305.5599975585937,23504900,0.010850862751563106,-0.0026112672386074953,0.00018020563020715308,-0.002592886531504135,0.21163866954375554,0.014730960651739185,0.013872770877865164,306.0355972290039,318.60652893066407,256.7987242126465,-0.0015540665031013035,-0.04094872573973396,0.18988129125427267,-0.0394559764479776,0.2406857935432598,-0.029223762178102852,-0.11031718895280251,-0.2476088150980793,22.982303264266168,0.022901697829456703,0.061861453737646066,0.002773092161711288,False,0.0,,,0.0,True,True,False,-0.3124814460408645,True,0.25,17620.0,600.0
2026-03-16,JPM,286.3399963378906,289.2699890136719,284.6099853515625,286.1600036621094,8146000,0.009596391466534238,-0.012969128005929198,-0.05417281372384264,-0.08904833345978835,-0.07550784067591942,0.014470215805047171,0.015645584091695842,296.91750183105466,306.60497009277344,299.0396711730957,-0.03623059638655546,-0.06668178413571624,-0.04307009655428318,-0.03159592702880032,0.02529864646386204,-0.07924966763933938,-0.14479538510648005,-0.2080917353688726,21.83680226525326,0.02365578830189151,-0.07512460255622655,0.034875519735945715,False,0.0,,,0.0,True,True,False,,False,0.0,0.0,0.0
2026-03-16,META,632.0,634.75,623.0999755859375,627.4500122070312,15101400,0.023263802449886795,-0.029970756095342388,-0.01841721947574837,-0.0443777273903615,-0.17860396549864366,0.017380870474225523,0.022196304835058814,646.2655456542968,653.0600061035157,690.3561840820313,-0.029114245024800534,-0.03921537631631511,-0.09112132740383372,-0.01040403697319947,-0.05402454390715494,-0.059519177540674595,-0.14942608146549563,0.23101127167571156,22.791755442091596,0.02485498368051008,-0.21694756837306395,0.02596050791461313,False,0.0,,,0.0,True,True,False,,False,0.0,0.0,0.0
2026-03-16,MSFT,398.0700073242188,400.6300048828125,394.7900085449219,399.9500122070313,27709700,0.011123813803188609,-0.023106400357734036,-0.0011390565928586227,-0.15854053718446048,-0.21933490782054077,0.014273930188018119,0.01998978961721242,400.17981109619143,427.0403814697266,481.1439804077148,-0.000574239086501227,-0.06343748843952302,-0.16875191524142286,-0.0628993686290048,-0.1124478350371163,-0.026127351368735896,-0.1785932980850793,-0.17635118435353492,23.32228989014713,0.020156634629205864,-0.2859389487657539,0.15740148059160186,False,0.0,,,0.0,True,True,False,-0.31617618996011665,True,0.25,17620.0,600.0
2026-03-16,NVDA,182.97000122070312,188.8800048828125,181.41000366210935,183.22000122070312,216616600,0.01647712189016981,0.003175069438979161,0.0022969972924846704,0.031003325654870295,-0.002014504297963793,0.022336685643366203,0.022534755172670028,184.96697235107422,185.38575927734374,177.61341339111328,-0.009444773346104607,-0.011682440253679705,0.03156624109939199,-0.0022590026758365633,0.04375990381489592,-0.06305008471755291,-0.06305008471755291,0.11385307994826266,24.30500295322577,0.030053961692908294,-0.00878951325568611,-0.028706328362385625,False,0.0,,,0.0,True,True,False,,False,0.0,0.0,0.0
2026-03-16,XOM,156.0,157.77999877929688,154.75999450683594,157.22999572753906,22826400,0.007109919581526736,0.045134227439123986,0.05914448608818801,0.3801708312541594,0.42530257970814,0.016016510925329953,0.01659655849779534,151.00549926757813,141.5071809387207,118.53878608703613,0.04122032965787081,0.11110966019192414,0.326401264241851,0.06712251820613013,0.19376269666554724,0.0,0.0,0.07034012689961999,21.894485960950597,0.02495492996781393,-0.03494987063386912,-0.3210263451659714,True,0.0,,,1.0,True,True,False,0.02768801075277439,True,0.25,17620.0,600.0
