date,ticker,open,high,low,close,volume,ret_1,ret_20,ret_60,vol_20,sma_50,sma_200,trend_ok,llm_score,future_return,label_available_date,trend_flag,price_vs_sma50,sma50_vs_sma200,enough_history,has_model_features,has_training_label,predicted_return,selected,weight,train_sample_count
2025-03-31,AAPL,216.0682695484103,224.6409066608951,215.29165561007284,221.1660614013672,65299300,0.019412553869742055,-0.0667982716019655,-0.11199494975022306,0.019588690594666894,229.1747982788086,227.7158573150635,False,0.0,-0.04916036529847967,2025-04-29,0.0,-0.03494597546322775,0.006406848345772209,True,True,True,,False,0.0,0
2025-03-31,AMZN,188.19000244140625,191.3300018310547,184.39999389648438,190.25999450683594,63547600,-0.012764667384211892,-0.0719930224272638,-0.13277726862597805,0.020651033455560717,216.09419982910157,200.21945030212402,False,0.0,-0.015084595816512447,2025-04-29,0.0,-0.11955066513907664,0.07928675012853703,True,True,True,-0.32298886650467196,True,0.25,16010
2025-03-31,AVGO,163.51020338452625,166.93965006119086,159.66324513451602,166.43267822265625,35656400,-0.009992894893436133,-0.10371656644900795,-0.275635702136813,0.03544379298370684,206.38554931640624,181.80691703796387,False,0.0,0.14179067805032441,2025-04-29,0.0,-0.1935836652618489,0.135190853455317,True,True,True,-0.31021184393999274,True,0.25,16010
2025-03-31,COST,917.3326083722798,989.5766943776515,917.0143452666747,940.625,3102000,0.0173397034127869,-0.09654672054995095,0.03334715715879155,0.021046311715921605,979.8928405761719,911.8728958129883,False,0.0,0.048552481312292395,2025-04-29,0.0,-0.040073606980414955,0.0745936687837836,True,True,True,,False,0.0,0
2025-03-31,GOOGL,152.58092477046202,155.0025205393741,150.13939385440554,154.1056365966797,54603500,0.002008488154295218,-0.07300115651503469,-0.18215489265216467,0.0224013746701767,178.2897821044922,173.86009056091308,False,0.0,0.03569594316214908,2025-04-29,0.0,-0.13564515712761738,0.0254784840459239,True,True,True,,False,0.0,0
2025-03-31,JPM,234.59960824780165,240.92000728757085,232.59079530977615,240.3712615966797,13603000,0.010088463855431273,-0.05878294609307266,0.02860483956431681,0.019584735444804383,251.79522369384765,224.24574020385742,False,0.0,0.003370348361588338,2025-04-29,0.0,-0.04537005082772383,0.1228539880621391,True,True,True,,False,0.0,0
2025-03-31,META,562.2284810192266,577.3941949049992,552.0514847999954,575.0594482421875,21124700,-0.0006588893958900943,-0.11934539490810159,-0.014751578531944642,0.027167364421134498,650.0914782714843,574.146819152832,False,0.0,-0.03803190354597763,2025-04-29,0.0,-0.11541764895734064,0.13227393514207852,True,True,True,-0.3176035804918985,True,0.25,16010
2025-03-31,MSFT,369.7096411618319,374.20522334023684,364.449889664545,372.5379943847656,35184700,-0.009002035522357343,-0.03372033886565884,-0.10760921444434235,0.01588019700388021,401.4154400634766,417.64848892211916,False,0.0,0.04968164606086911,2025-04-29,0.0,-0.0719390506606934,-0.03886773037426128,True,True,True,,False,0.0,0
2025-03-31,NVDA,105.10522740758995,110.9338556226425,103.6255803841977,108.35446166992188,299212700,-0.011762626571884982,-0.04971096022629373,-0.19286647214401265,0.033098714391736526,124.39043716430665,127.52291580200195,False,0.0,0.005905196899981036,2025-04-29,0.0,-0.1289164654450321,-0.024564044963957143,True,True,True,-0.31947853811054033,True,0.25,16010
2025-03-31,XOM,113.87725446859893,115.92683499640438,113.87725446859893,114.97938537597656,21652300,0.010192701446618324,0.10365622083057668,0.11549488805398167,0.013595664017870256,106.96553970336915,108.9742945098877,False,0.0,-0.08887575513029422,2025-04-29,0.0,0.07491988256059812,-0.018433290305323258,True,True,True,,False,0.0,0
2025-04-30,AAPL,208.39173986928208,212.65316547487808,205.7731479657814,211.57785034179688,52286500,0.006107623740076784,-0.047896433729625265,-0.06699868837161671,0.050980209916220216,216.0883953857422,226.04601974487304,False,0.0,-0.05782496509799606,2025-05-29,0.0,-0.02087361070867999,-0.044051314729494084,True,True,True,,False,0.0,0
2025-04-30,AMZN,182.1699981689453,185.0500030517578,178.85000610351562,184.4199981689453,55176500,-0.015849304820837684,-0.04032887585910583,-0.2232330907621599,0.043418495670121196,194.02300048828124,199.0679002380371,False,0.0,0.11538878099219207,2025-05-29,0.0,-0.04949414396833807,-0.02534260794293497,True,True,True,,False,0.0,0
2025-04-30,AVGO,184.7926745025756,192.04919484739312,182.92388309823681,191.32354736328125,22768900,0.006800284890905672,0.1421197428646095,-0.11334025298546124,0.0596162152997382,184.28789215087892,182.665033493042,True,0.0,0.25718287078760116,2025-05-29,1.0,0.03817752284367204,0.00888434215790257,True,True,True,0.04522076748260478,True,0.25,16220
2025-04-30,COST,984.6039343096013,992.3216475878995,971.2272323544951,989.0794067382812,2212400,0.002823424952776765,0.042015967556901845,-0.010171818207694416,0.0228336149409819,963.1220544433594,923.1917837524414,True,0.0,0.01564028359754177,2025-05-29,1.0,0.02695125937067666,0.04325241124722301,True,True,True,0.023417697807980916,True,0.25,16220
2025-04-30,GOOGL,157.43410788690483,158.71965890557001,154.86302105563792,158.25128173828125,34981100,-0.00849151006737392,0.0110141466739051,-0.20994429852092467,0.031205201978928815,162.06515411376952,170.98219581604005,False,0.0,0.0822417481715636,2025-05-29,0.0,-0.02353295744753947,-0.05215187265383103,True,True,True,,False,0.0,0
2025-04-30,JPM,237.8193419445802,241.77296836252717,235.07840628381982,241.181396484375,12991700,0.0,0.010123691401112467,-0.07752052809080434,0.034251916363562784,237.59906829833983,228.0666064453125,True,0.0,0.08073736763308048,2025-05-29,1.0,0.015077197952380272,0.04179683295859049,True,True,True,0.030907302031207694,True,0.25,16220
2025-04-30,META,537.1851129255415,547.8609194224242,528.305171612182,547.7611694335938,29244000,-0.009811610285977324,-0.06313992408051516,-0.21215775527632408,0.04864449327985416,586.560171508789,576.6305740356445,False,0.0,0.17495455745316257,2025-05-29,0.0,-0.06614666995782192,0.017220032929663454,True,True,True,,False,0.0,0
2025-04-30,MSFT,387.33468087236696,393.6463764759126,381.51921680100196,392.25701904296875,36461100,0.003096113917762988,0.034197573230140055,-0.03618104635367103,0.030197287889911852,383.32421875,410.1424287414551,False,0.0,0.16258183193685016,2025-05-29,0.0,0.0233035113776483,-0.06538755347440706,True,True,True,,False,0.0,0
2025-04-30,NVDA,104.44538450923935,108.89433288574219,104.05547701680861,108.89433288574219,235044600,-0.0009173250395856369,-0.01116662056082307,-0.06626087966833649,0.058815036429243024,113.4774855041504,125.19686630249024,False,0.0,0.277910499251804,2025-05-29,0.0,-0.040388210912909006,-0.09360762089703145,True,True,True,-0.3100388588822131,True,0.25,16220
2025-04-30,XOM,103.85172605763076,103.85172605763076,100.6903519990406,102.12118530273438,20379300,-0.025193849118017586,-0.1126513215303716,-0.004810656649465339,0.030116973206759823,106.30522872924804,108.69424053192138,False,0.0,-0.01887917038096032,2025-05-29,0.0,-0.03935877356672768,-0.021979194030724458,True,True,True,,False,0.0,0
2025-05-30,AAPL,198.7651407343476,201.3472946799051,196.18300200128658,200.24066162109375,70819900,0.004501243745582917,-0.05722206580665801,-0.14688469227812306,0.021647214621600092,204.5839288330078,224.46090377807616,False,0.0,0.021508466222438072,2025-06-30,0.0,-0.02122975757034784,-0.08855428544794897,True,True,True,,False,0.0,0
2025-05-30,AMZN,204.83999633789062,205.99000549316406,201.6999969482422,205.00999450683594,51679400,-0.0033544115296213484,0.07786539325036834,-0.0160779712694491,0.0222073178125545,191.88779998779296,201.37535011291504,False,0.0,0.07014294555445688,2025-06-30,0.0,0.06838472544829721,-0.04711376104276033,True,True,True,,False,0.0,0
2025-05-30,AVGO,239.7831697667246,241.721551521632,233.5008076844711,240.62811279296875,27088600,0.0004133655364286781,0.2267268281101762,0.26736869210024095,0.02074528332456991,194.68360260009766,190.15568016052245,True,0.0,0.14140023553875491,2025-06-30,1.0,0.235995787931079,0.023811660192074813,True,True,True,0.01885393825305704,True,0.25,16430
2025-05-30,COST,998.1357135287599,1048.1171906403918,997.8369721006131,1035.8583984375,5403800,0.03116773072490253,0.04253625548511608,-0.0059313170541531735,0.011527028874494354,974.5496789550781,942.6877529907226,True,0.0,-0.04829943180050511,2025-06-30,1.0,0.0629097939349359,0.03379902397508827,True,True,True,0.013522930272589707,True,0.25,16430
2025-05-30,GOOGL,170.75790891590938,171.61493780799663,166.86141620850907,171.1465606689453,52639900,-0.0006982298265749698,0.06472415353504202,-0.006254796507584315,0.0240413325830344,159.42699523925782,170.3569285583496,False,0.0,0.027386309929842145,2025-06-30,0.0,0.07351054576484684,-0.06415901843022564,True,True,True,,False,0.0,0
2025-05-30,JPM,259.74671429323007,261.600261993738,259.0368340780119,260.2889709472656,10977700,-0.0013994681248391538,0.06930207600700578,0.05604153170768433,0.011578902222418573,242.8311016845703,233.77690353393555,True,0.0,0.09814402351277951,2025-06-30,1.0,0.07189305299686244,0.038730079891405644,True,True,True,0.015757201943982387,True,0.25,16430
2025-05-30,META,641.0502003303773,647.9445811375045,631.3521627172354,646.0289306640625,16241000,0.0037825809709035596,0.13156004735547633,-0.012801588987813028,0.023220537980462932,581.3958892822266,591.6733514404297,False,0.0,0.14080198871221405,2025-06-30,0.0,0.11116872783815146,-0.017370162325517247,True,True,True,-0.32876850138902625,True,0.25,16430
2025-05-30,MSFT,457.064883978579,459.01355548435544,452.909032890277,457.701171875,34770500,0.0036626644056636515,0.08416824482878726,0.15008019454039134,0.010361165979711557,406.17139526367185,413.0421389770508,False,0.0,0.08048045493144662,2025-06-30,0.0,0.12686707437355826,-0.016634486085112754,True,True,True,,False,0.0,0
2025-05-30,NVDA,138.6873257641086,139.58710766728817,132.88868890141003,135.09817504882812,333170900,-0.029168709381678815,0.21073393803520823,0.15210951619188107,0.02435535056701745,116.17422348022461,126.72367488861084,False,0.0,0.16925162252476178,2025-06-30,0.0,0.16289286040999262,-0.08324767584004422,True,True,True,,False,0.0,0
2025-05-30,XOM,99.6761181336087,99.90052181887317,98.7297012111472,99.81271362304688,28645800,-0.00379774614571482,-0.023991221879411828,-0.020844084339128544,0.011901058936214865,104.53268310546875,107.89947616577149,False,0.0,0.053763334834558085,2025-06-30,0.0,-0.045153050148532325,-0.03120305287794134,True,True,True,,False,0.0,0
2025-06-30,AAPL,201.39711462840114,206.76079706763053,198.65545787730727,204.5475311279297,91912800,0.02034000608920694,0.021508466222438072,-0.08241084271521837,0.01151347735669747,202.13983306884765,222.1510107421875,False,0.0,0.02973146221246381,2025-07-29,0.0,0.011911051980843412,-0.09007916554817474,True,True,True,,False,0.0,0
2025-06-30,AMZN,223.52000427246094,223.82000732421875,219.1199951171875,219.38999938964844,58887800,-0.017510092291414314,0.07014294555445688,0.11927965684421826,0.014879639245390555,201.84840087890626,205.13115036010743,False,0.0,0.05296501731854142,2025-07-29,0.0,0.08690481784527893,-0.016003173947195748,True,True,True,,False,0.0,0
2025-06-30,AVGO,273.7363292312653,276.705531291746,271.14572719183,274.6529846191406,24708400,0.02338944153600475,0.14140023553875491,0.6055482021041823,0.02185334637334271,227.5388897705078,200.0673737335205,True,0.0,0.07897705611962191,2025-07-29,1.0,0.20705952681825668,0.13731132430207227,True,True,True,0.01756918423987794,True,0.25,16630
2025-06-30,COST,981.0668570073628,987.6195356193274,975.6793610736229,985.8270263671875,2127600,0.004872375442919186,-0.04829943180050511,0.02709598633115351,0.012716623554509424,999.3268505859374,955.0079348754883,False,0.0,-0.05593268609856861,2025-07-29,0.0,-0.013508917738810466,0.04640685599772243,True,True,True,,False,0.0,0
2025-06-30,GOOGL,180.37340297441276,180.82238782578247,174.18735055967244,175.83363342285156,63378900,-0.012883091990048112,0.027386309929842145,0.12355676449261122,0.01797594230919619,165.68080718994142,171.59997352600098,False,0.0,0.11076447444090665,2025-07-29,0.0,0.06127943486701293,-0.034493981639004634,True,True,True,,False,0.0,0
2025-06-30,JPM,286.3178803397518,288.5362523931413,284.8587037568908,285.83477783203125,12689200,0.009752503619105735,0.09814402351277951,0.18662311600889558,0.00923772602661201,257.6626187133789,239.73857650756835,True,0.0,0.029529904975681864,2025-07-29,1.0,0.10933739344623672,0.0747649479984489,True,True,True,0.01286793528788093,True,0.25,16630
2025-06-30,META,743.4414316060685,746.7864803769392,733.1567794055785,736.9910888671875,15402100,0.006079371779363463,0.14080198871221405,0.2649768687300429,0.016777242136262683,635.6136486816406,609.5513357543946,True,0.0,-0.05160613843868356,2025-07-29,1.0,0.15949537961593352,0.042756551250914265,True,True,True,0.017340852535238305,True,0.25,16630
2025-06-30,MSFT,494.16931223084276,497.86782827206525,492.4691666337086,494.53717041015625,28369000,0.0029640212750998707,0.08048045493144662,0.3040329113726439,0.006471267336274637,445.3185180664062,419.6587112426758,True,0.0,0.030477888483019466,2025-07-29,1.0,0.11052460283362953,0.0611444636708427,True,True,True,,False,0.0,0
2025-06-30,NVDA,158.37368067249696,158.6336472456001,155.93409881773164,157.96376037597656,194580300,0.0015214888165202556,0.16925162252476178,0.43090916378936184,0.015378034725931576,130.60309661865233,129.41278743743896,True,0.0,0.1108929956039777,2025-07-29,1.0,0.20949475522172767,0.009197770983712106,True,True,True,0.012238629369638076,True,0.25,16630
2025-06-30,XOM,105.99855082172269,106.19368508904172,105.10092128182292,105.1789779663086,19199000,-0.014445086737434498,0.053763334834558085,-0.08323205408936729,0.015577854834107676,104.0340769958496,107.45376220703125,False,0.0,0.047124264082328615,2025-07-29,0.0,0.01100505722278533,-0.03182471363443684,True,True,True,,False,0.0,0
2025-07-31,AAPL,207.85746883247032,209.2033639475293,206.5315020865265,206.9402618408203,80698400,-0.007079644851470834,-0.022924117462327143,0.045010776788711127,0.007421302621823918,204.74354797363281,220.689108505249,False,0.0,0.12166468798160635,2025-08-28,0.0,0.010729099348568472,-0.07225350013698995,True,True,True,,False,0.0,0
2025-07-31,AMZN,235.77000427246094,236.52999877929688,231.39999389648438,234.11000061035156,104357300,0.017029402351838252,0.06452347471604347,0.2562918859273111,0.010397740901945767,217.39220123291017,209.43765029907226,True,0.0,-0.010721432233958827,2025-08-28,1.0,0.07690155986566527,0.03798052032420629,True,True,True,,False,0.0,0
2025-07-31,AVGO,301.7047876274771,305.83980177863236,289.18027528990467,292.6377258300781,25488500,-0.029475872703758732,0.0881808468928218,0.4666763943890926,0.016507583662962327,262.963251953125,212.34089698791504,True,0.0,0.05090220168559201,2025-08-28,1.0,0.1128464667840463,0.2384013427620164,True,True,True,0.024987467286200563,True,0.25,16850
2025-07-31,COST,921.5153239437005,942.0198038953793,921.1568342498393,935.7360229492188,2564400,0.013078011921745292,-0.04348708503776022,-0.07414598807539619,0.007630225359167444,982.4202514648438,962.2315850830078,False,0.0,0.007055006297982835,2025-08-28,0.0,-0.047519611333353695,0.02098108885096961,True,True,True,,False,0.0,0
2025-07-31,GOOGL,195.26984291287636,195.54921195775628,190.66022322341527,191.46839904785156,51329200,-0.023558802420669878,0.07422750752930818,0.17004022572656208,0.01160491377745714,177.15652221679687,174.19185935974122,True,0.0,0.10286607353973798,2025-08-28,1.0,0.08078662107365364,0.017019525871946994,True,True,True,,False,0.0,0
2025-07-31,JPM,296.3559134765009,298.17878493737805,292.7497765059144,293.4828796386719,14749700,-0.01131398841788911,0.01940807033804992,0.17859980679087495,0.012091437424911556,276.2653741455078,249.16869064331055,True,0.0,0.016304408295151118,2025-08-28,1.0,0.062322343313627515,0.10874834808594236,True,True,True,0.018298243232668675,True,0.25,16850
2025-07-31,META,774.0458414913344,783.5816106103192,764.3702661872821,772.2884521484375,38831100,0.11252705114573414,0.08390201071209069,0.2916299690780708,0.02751438329554207,695.5305603027343,626.5838652038574,True,0.0,-0.02887101686896898,2025-08-28,1.0,0.11035876239901499,0.11003586100393004,True,True,True,0.01947824873627519,True,0.25,16850
2025-07-31,MSFT,552.0232408256204,552.2420017670738,528.8280273057109,530.4187622070312,51617300,0.03947474498101644,0.08635893638247216,0.2253924591469738,0.010509347052507818,484.43188842773435,428.74920135498047,True,0.0,-0.04315317130514762,2025-08-28,1.0,0.09492949344963919,0.12987239835498077,True,True,True,,False,0.0,0
2025-07-31,NVDA,182.86960179799485,183.26954448460754,175.9007587673991,177.84043884277344,221685400,-0.007809521101566741,0.13112880529877113,0.5628390313950942,0.014773713816921238,153.69639038085938,134.53226589202882,True,0.0,0.012930813694540522,2025-08-28,1.0,0.15708923548617593,0.1424500238791122,True,True,True,0.017232588684394652,True,0.25,16850
2025-07-31,XOM,107.67673618231827,109.76470418191144,107.67673618231827,108.92561340332031,17233700,-0.0023235631779490173,0.005312834490253104,0.09100636221147318,0.013025685467411117,106.34648895263672,107.16859603881836,False,0.0,0.0247650467903211,2025-08-28,0.0,0.024252088396000016,-0.00767115663140594,True,True,True,,False,0.0,0
2025-08-29,AAPL,232.0676707602769,232.9360260407387,230.92984008944924,231.69837951660156,39418400,-0.0018060015285242814,0.14835191304322182,0.1458606097367534,0.017306933426336716,214.97164672851562,220.25460388183595,False,0.0,0.09601961462891473,2025-09-29,0.0,0.07780901827118569,-0.023985683205762,True,True,True,,False,0.0,0
2025-08-29,AMZN,231.32000732421875,231.80999755859375,228.16000366210938,229.0,26199200,-0.011226278216735164,0.06635622817229336,0.10505238006704198,0.015615291492125979,223.98660034179687,212.81795028686523,True,0.0,-0.029825335506789008,2025-09-29,1.0,0.02238258739832122,0.05247983095353104,True,True,True,0.02060807688524322,True,0.25,17060
2025-08-29,AVGO,305.899592885595,305.899592885595,292.59787208762094,296.31439208984375,21610700,-0.03648133788721575,0.030314580504325894,0.1417573385104378,0.01983981373554967,286.20985534667966,225.42101119995118,True,0.0,0.10448163318272674,2025-09-29,1.0,0.03530464291987667,0.269668048347135,True,True,True,0.03353896815442775,True,0.25,17060
2025-08-29,COST,942.3774788738273,945.977445957824,937.8500999875301,940.7021484375,1609000,-0.0017355754097022613,-0.009658685658988975,-0.10180101773394223,0.01176314655441953,962.8616064453125,970.3867602539062,False,0.0,-0.02803918958058882,2025-09-29,0.0,-0.02301416720687488,-0.007754798516237726,True,True,True,,False,0.0,0
2025-08-29,GOOGL,210.0365560843286,214.16724458693432,209.72725571237183,212.43116760253906,39728400,0.00600086249978693,0.12573369967543324,0.2684781575740878,0.012601195511297895,189.77262756347656,177.8000567626953,True,0.0,0.14728410778163803,2025-09-29,1.0,0.11939835755018735,0.06733727209525431,True,True,True,,False,0.0,0
2025-08-29,JPM,299.2289404362671,300.13047474928055,296.94044188536884,298.6147155761719,6796400,0.001162616522558002,0.041642240164738054,0.14628790420530957,0.00923408544872908,288.2560675048828,256.5785408782959,True,0.0,0.04734253128280841,2025-09-29,1.0,0.035935576867305974,0.1234613250124168,True,True,True,,False,0.0,0
2025-08-29,META,744.1703787664815,746.0275947781304,734.2551099537487,737.6001586914062,9070500,-0.016522236899757403,-0.015079867600868435,0.07459599416287066,0.016267111927263624,733.9909704589844,645.9964781188964,True,0.0,0.007041797240029846,2025-09-29,1.0,0.004917210671086192,0.13621512704886984,True,True,True,0.023962082750217856,True,0.25,17060
2025-08-29,MSFT,506.5535790393771,507.4896888132377,502.40083415821226,504.59173583984375,20961600,-0.005788381951071675,-0.03164795746913329,0.09410604062134009,0.009722273314181368,505.5398840332031,439.06597274780273,False,0.0,0.015611031069532322,2025-09-29,0.0,-0.0018755161032895096,0.15139845811641317,True,True,True,,False,0.0,0
2025-08-29,NVDA,178.08040158317536,178.12038822306508,173.12121914292007,174.1510467529297,243257900,-0.03324642868305783,0.002647890867644831,0.22739630300135127,0.01590911221956965,170.49366455078126,138.71704517364503,True,0.0,0.04409391156509379,2025-09-29,1.0,0.021451719110999967,0.22907508833797952,True,True,True,0.027114112065646876,True,0.25,17060
2025-08-29,XOM,111.98751979045258,113.0412184425248,111.84965323882919,112.54883575439453,14597900,0.008292852733821965,0.0521115403619401,0.12760019910336218,0.00893797596675467,107.74230712890625,106.41524921417236,True,0.0,-0.000612459286031819,2025-09-29,1.0,0.04461133934822459,0.012470561545770975,True,True,True,,False,0.0,0
2025-09-30,AAPL,254.37515755125318,255.4331385813304,252.6284867333586,254.14559936523438,37704300,0.0007861150085717306,0.10843634722875706,0.2141890757518532,0.018226491808978413,229.6535516357422,221.21911933898926,True,0.0,0.05643478149143788,2025-10-28,1.0,0.10664780733867985,0.0381270494248207,True,True,True,0.022013230047633232,True,0.25,17270
2025-09-30,AMZN,222.02999877929688,222.24000549316406,217.88999938964844,219.57000732421875,48396400,-0.011702709034319914,-0.025605702970811883,-0.0174519795730107,0.017123991722247753,227.10999938964844,214.70440017700196,False,0.0,0.04408613359240676,2025-10-28,0.0,-0.033199736188160744,0.05777990205333161,True,True,True,,False,0.0,0
2025-09-30,AVGO,329.4895586921265,330.41777534323023,323.99007149680943,329.27996826171875,20109500,0.006129927076452324,0.10808490413542371,0.20532239538847574,0.034846960681215206,314.04638427734375,243.39483589172363,True,0.0,0.13052039853024788,2025-10-28,1.0,0.04850743312784567,0.2902754617893786,True,True,True,0.042967247215236634,True,0.25,17270
2025-09-30,COST,913.7073049645109,927.9277416266848,910.8352924136141,923.061279296875,3096700,0.009554207519456792,-0.01404953575347867,-0.06578204631012774,0.011242903776067393,951.8735046386719,970.0819647216797,False,0.0,-0.0015881311627859995,2025-10-28,0.0,-0.03026896452248018,-0.018770022271501485,True,True,True,,False,0.0,0
2025-09-30,GOOGL,242.48058753408858,242.9599320717839,238.92541967317948,242.77020263671875,34724300,-0.0038925989781598558,0.15125345127740952,0.37630776888441053,0.023964189295374125,217.20044342041015,185.07634826660157,True,0.0,0.10024683554964908,2025-10-28,1.0,0.11772424960853378,0.17357212552915713,True,True,True,0.030658705489208606,True,0.25,17270
2025-09-30,JPM,313.3066687483855,314.45587628391564,307.22379907069933,312.4942932128906,11823300,-0.0008236524972936587,0.05248577216761552,0.0803507616928476,0.010302561406561415,297.00639587402344,263.49972999572753,True,0.0,-0.027218172831867116,2025-10-28,1.0,0.05214667951270813,0.12716015260751568,True,True,True,,False,0.0,0
2025-09-30,META,741.6451369970716,742.3645209926972,725.7081225297242,733.7815551757812,16226800,-0.012133420542747131,-0.0003187231781515143,0.023005086061234303,0.011294015231810265,751.2089855957031,664.2824674987793,False,0.0,0.023230457924068748,2025-10-28,0.0,-0.023199177265035065,0.13085776360202295,True,True,True,,False,0.0,0
2025-09-30,MSFT,511.11459757878936,516.0142062084105,507.54943619028296,515.8051147460938,19728200,0.006510017339799168,0.02539993832519105,0.04235609118269679,0.010233916575197542,509.8559252929688,447.8653810119629,True,0.0,0.0465682501294824,2025-10-28,1.0,0.011668373667926835,0.13841334228811508,True,True,True,,False,0.0,0
2025-09-30,NVDA,182.06000352373024,187.32942897828707,181.4600633204032,186.55950927734375,236981000,0.026010341701790507,0.09257828466562978,0.17916142573018368,0.020275973984583407,177.02879150390626,142.26264987945558,True,0.0,0.07744673723111783,2025-10-28,1.0,0.05383710577512013,0.24437996658932848,True,True,True,0.027750355526047273,True,0.25,17270
2025-09-30,XOM,111.62316061513285,111.76102717505447,110.23464525787536,111.03230285644531,18076200,-0.0128698662128095,-0.016915173249375526,0.024202919225052133,0.014395271373866713,108.87799514770508,106.22962966918945,True,0.0,0.020221702047367396,2025-10-28,1.0,0.019786438075183765,0.024930572447281696,True,True,True,,False,0.0,0
2025-10-31,AAPL,276.4630533049319,276.79244258078194,268.647962249571,269.85565185546875,86167100,-0.003795042898427692,0.047864514917259404,0.2301815689304041,0.015458065477898712,247.7761328125,222.57287017822264,True,0.0,0.04809869914267595,2025-12-01,1.0,0.08911075813616409,0.11323600497264619,True,True,True,,False,0.0,0
2025-10-31,AMZN,250.10000610351562,250.5,243.97999572753906,244.22000122070312,166340800,0.09584492754129248,0.11256893686951308,0.09451887185216101,0.028175733702261996,225.49100006103515,214.45235015869142,True,0.0,-0.04233885957827965,2025-12-01,1.0,0.08305875247614525,0.051473671863121684,True,True,True,0.022296217571909378,True,0.25,17500
2025-10-31,AVGO,377.54758667637077,378.09655458766673,364.40275518375444,368.9241027832031,21598400,-0.01816877169016151,0.09238412789262918,0.21893366010570903,0.03278956352610804,338.3663598632813,257.6800831604004,True,0.0,0.044503948041613395,2025-12-01,1.0,0.09030963637244804,0.31312577873026926,True,True,True,0.04446613502873127,True,0.25,17500
2025-10-31,COST,914.9600587680158,918.7448662198725,908.4389382323969,910.20654296875,2456300,-0.008085927790490444,-0.002884601369112505,-0.06620340925876544,0.012618565873445271,937.2563598632812,968.4458547973633,False,0.0,0.0005595184386271157,2025-12-01,0.0,-0.028860638404712424,-0.0322057188634548,True,True,True,,False,0.0,0
2025-10-31,GOOGL,282.8257813584811,285.6120049046921,276.6541726227251,280.80853271484375,39267900,-0.0010302871863107077,0.14607711825600123,0.4321265346782599,0.01809310513059755,243.4875622558594,192.2032444000244,True,0.0,0.11984773408433846,2025-12-01,1.0,0.1532767017469545,0.26682337239375165,True,True,True,0.028620549898590197,True,0.25,17500
2025-10-31,JPM,307.1544993342095,311.46504195719143,305.8702836157328,309.722900390625,7721300,0.005429059346765408,0.008394544276508986,0.08953991227641689,0.013515385523581174,302.57326171875,271.2202862548828,True,0.0,-0.007071140013794497,2025-12-01,1.0,0.023629446406671528,0.11559966954095335,True,True,True,,False,0.0,0
2025-10-31,META,673.9603724515775,674.3400676801817,645.0439523217459,647.8216552734375,56953200,-0.027188006906345485,-0.08755066053845795,-0.14838269570213647,0.02961488687289624,737.7944055175781,677.2421488952637,False,0.0,-0.011537030180206909,2025-12-01,0.0,-0.12194826847598939,0.08941005328904739,True,True,True,,False,0.0,0
2025-10-31,MSFT,526.6898137654194,527.1279940743384,512.9668501497666,515.6656494140625,34006400,-0.01512103683912347,0.0008892142786063317,-0.004183208773717917,0.012404528376126477,511.69758544921876,458.29581008911134,True,0.0,-0.05824333687708805,2025-12-01,1.0,0.007754705274523044,0.11652250399086994,True,True,True,,False,0.0,0
2025-10-31,NVDA,206.42733011185774,207.94716749796044,202.04782138155986,202.4677734375,179802200,-0.0019714724306379994,0.07925599987116194,0.12021578770744545,0.024277607318000473,181.89666564941408,148.18557529449464,True,0.0,-0.11146228240894818,2025-12-01,1.0,0.11309227530170607,0.22749238775720348,True,True,True,0.033940506625782324,True,0.25,17500
2025-10-31,XOM,112.24356680542397,113.47452359060154,110.90428522209764,112.6177749633789,20213400,-0.002877334427119016,0.00971218794321449,0.08942109160000222,0.010250735801199848,111.4646127319336,107.18041103363038,True,0.0,0.02876979442568972,2025-12-01,1.0,0.010345545578834159,0.0399718722571325,True,True,True,,False,0.0,0
2025-11-28,AAPL,277.0008150112318,278.73917862681736,275.73198274965245,278.5893249511719,20135600,0.0046838874009274,0.028446373472958753,0.16406836174300876,0.009425571402714009,262.2135592651367,226.54739234924315,True,0.0,-0.018253519213610958,2025-12-29,1.0,0.062452017096022105,0.15743357955279835,True,True,True,,False,0.0,0
2025-11-28,AMZN,231.24000549316406,233.2899932861328,230.22000122070312,233.22000122070312,20292300,0.01771686809963624,0.04648658611674783,-0.010437845941646318,0.030339107218556028,227.56740051269531,214.6783502960205,True,0.0,-0.004930940272983242,2025-12-29,1.0,0.02483923749743089,0.060038891667008265,True,True,True,0.031165463249543744,True,0.25,17690
2025-11-28,AVGO,398.5873688295901,402.2303923458253,396.40154862798926,402.1904602050781,13365500,0.013557343304599456,0.07036420385279807,0.31868798971223455,0.03359449878524322,350.4253009033203,270.27832901000977,True,0.0,-0.13128219284395137,2025-12-29,1.0,0.1477209527060932,0.296534954122579,True,True,True,0.041602360565026024,True,0.25,17690
2025-11-28,COST,903.7853125543833,912.9527810862122,901.7680489093622,912.3436279296875,1092600,0.005868391851489463,-0.005757000732520501,-0.04290977534067575,0.010575811232859325,921.3923889160156,961.4195227050782,False,0.0,-0.05007714159064336,2025-12-29,0.0,-0.009820746399884728,-0.0416333690379419,True,True,True,,False,0.0,0
2025-11-28,GOOGL,322.9312800436979,326.40656970987055,316.3602205188893,319.74560546875,26018600,0.000718727086097104,0.1374874281078846,0.37953661321996046,0.024099903047539943,267.5778909301758,201.56772583007813,True,0.0,-0.020035268210964796,2025-12-29,1.0,0.19496272415192673,0.32748380142833144,True,True,True,0.036500871986431316,True,0.25,17690
2025-11-28,JPM,307.71199439271356,312.31124344972676,306.85584041963983,311.6741027832031,4322400,0.017682960854886964,0.011763094007072095,0.035488381835882654,0.013328345529853536,305.30315979003905,275.40256019592283,True,0.0,0.03408079380103879,2025-12-29,1.0,0.020867595990639032,0.10857052154070312,True,True,True,0.017924777333253466,True,0.25,17690
2025-11-28,META,635.5616748244524,647.5218911860414,634.9821303911365,647.4219970703125,11033200,0.02263230667394489,-0.02778816018923347,-0.13392463188766468,0.01878854661375313,685.7164440917969,671.9090998840333,False,0.0,0.017404421570603512,2025-12-29,0.0,-0.05584589279057439,0.02054942284625505,True,True,True,,False,0.0,0
2025-11-28,MSFT,486.48962635446395,491.5081706450152,485.54177754838196,490.88958740234375,14386700,0.013408926747197292,-0.06244127679118905,-0.029606366513210025,0.013355076174673833,508.58589111328126,465.36934219360353,False,0.0,-0.009979503241123844,2025-12-29,0.0,-0.03479511331350693,0.0928650536280895,True,True,True,,False,0.0,0
2025-11-28,NVDA,178.99033405428943,179.2703020816569,176.48061521713345,176.98056030273438,121332800,-0.01808499704797284,-0.1276061122790818,0.03116604927026856,0.02648778057255605,186.80928802490234,153.64097770690918,False,0.0,0.06344904789354722,2025-12-29,0.0,-0.05261369938339344,0.2158819268988652,True,True,True,,False,0.0,0
2025-11-28,XOM,114.1888871955968,117.95379366366068,114.05975068319684,115.1524658203125,7240800,0.010020056172808989,0.019564928390546354,0.04033719211058684,0.01069587002758028,113.24450576782226,108.17138366699218,True,0.0,0.039768800174700525,2025-12-29,1.0,0.01684814675602908,0.046898929539884504,True,True,True,,False,0.0,0
2025-12-31,AAPL,272.80472532736104,273.42414083736213,271.49595243002375,271.6058349609375,27293600,-0.004467601499789753,-0.05007168772861703,0.06012506883383728,0.006139986716996842,272.334921875,231.18949157714843,False,0.0,-0.045538079860853675,2026-01-30,0.0,-0.0026771701148087246,0.17797275307438132,True,True,True,,False,0.0,0
2025-12-31,AMZN,232.91000366210938,232.99000549316406,230.1199951171875,230.82000732421875,24383700,-0.0073538531116630335,-0.015357012511074575,0.04490725985435273,0.011073502577497722,231.43680053710938,216.8601003265381,False,0.0,0.036738564502459825,2026-01-30,0.0,-0.002665061094256349,0.06721706846313524,True,True,True,,False,0.0,0
2025-12-31,AVGO,349.7300109863281,349.8800048828125,345.4200134277344,346.1000061035156,15346100,-0.010718879332791587,-0.0912225163244923,0.03359929903752534,0.033900649093903834,361.1045825195313,288.1201062011719,False,0.0,-0.04276225960574043,2026-01-30,0.0,-0.04155188591439185,0.2533126801896983,True,True,True,,False,0.0,0
2025-12-31,COST,863.4005085327973,866.815825710427,860.164938474844,861.16357421875,1490000,-0.0038237122974391635,-0.06473754021130951,-0.05201216144968801,0.01116345793466944,898.5153918457031,947.6542813110351,False,0.0,0.09183670576521696,2026-01-30,0.0,-0.04157059296471943,-0.051853181518212166,True,True,True,,False,0.0,0
2025-12-31,GOOGL,312.62992729269524,314.3586907819443,311.22091551782626,312.7798156738281,16377700,-0.0027083771406897217,-0.008249421206140028,0.25066781924542125,0.014017542566776856,296.26606842041014,216.90897018432617,True,0.0,0.07987223159262968,2026-01-30,1.0,0.05573958348137431,0.36585438660580727,True,True,True,0.02742291208413751,True,0.25,17910
2025-12-31,JPM,322.8835465614906,323.42113019633854,320.59388687095947,320.7730712890625,5048500,-0.0037104376223550117,0.046576581483254165,0.04217608348281865,0.016474476026438846,309.5019140625,282.814262008667,True,0.0,-0.04639746279454127,2026-01-30,1.0,0.03641708407750399,0.09436459061253122,True,True,True,0.02218059948910813,True,0.25,17910
2025-12-31,META,664.75,665.0,659.4400024414062,660.0900268554688,7940400,-0.008799437261277077,0.020906228247163483,-0.07689629524801422,0.013682751580475447,653.4684265136718,672.262259979248,False,0.0,0.08545799943873811,2026-01-30,0.0,0.01013300730859168,-0.027956103717850178,True,True,True,,False,0.0,0
2025-12-31,MSFT,486.7290680267604,487.0284031238816,482.1993981667827,482.5186767578125,15601600,-0.007918308222643278,-0.013020423032660378,-0.08332837636848467,0.011153341191895028,494.95325256347655,475.1854719543457,False,0.0,-0.11027253387667912,2026-01-30,0.0,-0.025122727734917416,0.041600136737829585,True,True,True,,False,0.0,0
2025-12-31,NVDA,189.55975523635485,190.54969193131708,186.47991997410415,186.4899139404297,120100500,-0.005545422619901985,0.027831972077370093,0.005230126727494788,0.019317971489568892,186.3408044433594,160.1037282180786,True,0.0,0.02482571515839349,2026-01-30,1.0,0.0008001977748015587,0.16387548570725996,True,True,True,0.02659665471844443,True,0.25,17910
2025-12-31,XOM,120.37763974026633,120.45711186085562,119.07631597585063,119.54319763183594,10559900,-0.005372364402120411,0.042988419121060994,0.06298221267505655,0.012166476927486609,115.83759460449218,109.40233894348144,True,0.0,0.17500408136799028,2026-01-30,1.0,0.031989640668868446,0.05882192029125877,True,True,True,0.017618367131335,True,0.25,17910
2026-01-30,AAPL,254.93144331105526,261.6551472598355,251.94423313215475,259.2374267578125,92443400,0.0046461394466286166,-0.045538079860853675,-0.03463463317854354,0.012697973175734794,268.044384765625,236.15759155273437,False,0.0,0.021148853896056474,2026-03-02,0.0,-0.0328563421148077,0.1350233672491119,True,True,True,,False,0.0,0
2026-01-30,AMZN,239.88999938964844,243.32000732421875,237.63999938964844,239.3000030517578,46585000,-0.010052507834071855,0.036738564502459825,-0.05787400373323692,0.018071882541575216,232.53679962158202,221.7846501159668,True,0.0,-0.12916842151240548,2026-03-02,1.0,0.029084443585625452,0.04848013376937099,True,True,True,0.022473018726357746,True,0.25,18110
2026-01-30,AVGO,332.44000244140625,338.20001220703125,328.3299865722656,331.29998779296875,28313000,0.0017233900393278656,-0.04276225960574043,-0.0844465247293873,0.022730022200195602,354.16483703613284,304.5024849700928,False,0.0,-0.03766972812733338,2026-03-02,0.0,-0.06455990785113253,0.1630934212931554,True,True,True,,False,0.0,0
2026-01-30,COST,948.8300170898438,951.1199951171875,930.2999877929688,940.25,2396300,-0.011916861492477948,0.09183670576521696,0.014540909888086206,0.013579938438017147,904.7077233886719,948.5806115722656,False,0.0,0.06649297477399618,2026-03-02,0.0,0.03928592151087318,-0.046251090996762834,True,True,True,,False,0.0,0
2026-01-30,GOOGL,339.76083067041884,339.76083067041884,332.0562627255977,337.7622375488281,31024000,-0.0007390768797954639,0.07987223159262968,0.19209465331024633,0.011340379373545106,317.74273864746095,234.04990425109864,True,0.0,-0.09313618351915331,2026-03-02,1.0,0.06300537027717579,0.3575854246305228,True,True,True,0.024648153033603497,True,0.25,18110
2026-01-30,JPM,305.25,307.92999267578125,302.55999755859375,305.8900146484375,11953200,-0.0017296480519274349,-0.04639746279454127,-0.006724431493305816,0.01682565173353631,312.38665954589845,290.8890309906006,False,0.0,-0.027232066072563788,2026-03-02,0.0,-0.02079680645423465,0.07390319422526637,True,True,True,,False,0.0,0
2026-01-30,META,727.5,732.1699829101562,713.5900268554688,716.5,23744600,-0.02954043373476445,0.08545799943873811,0.12446771836083448,0.030987409283727528,647.7052185058594,680.5859896850586,False,0.0,-0.08784368798521458,2026-03-02,0.0,0.10621310362889758,-0.048312442038977,True,True,True,,False,0.0,0
2026-01-30,MSFT,438.1699022937122,438.5989157576861,425.47886802078926,429.31011962890625,58566800,-0.007404862064634643,-0.11027253387667912,-0.16620827080325373,0.026886001070966073,474.99659423828126,483.7228700256348,False,0.0,-0.07165014386925339,2026-03-02,0.0,-0.09618274144183958,-0.01803982471800658,True,True,True,,False,0.0,0
2026-01-30,NVDA,191.19965692455457,194.47947816452233,189.45974561417185,191.11965942382812,179489500,-0.00716839684544246,0.02482571515839349,-0.07607962734606222,0.016241730192730335,183.80504058837892,167.7341195678711,True,0.0,-0.04525717636212001,2026-03-02,1.0,0.03979552906728978,0.09581187811943637,True,True,True,0.021815855429249673,True,0.25,18110
2026-01-30,XOM,137.82136923864124,141.2683946138898,136.9173909644709,140.4637451171875,29657700,0.006333976569752764,0.17500408136799028,0.2538392513221561,0.017054776579398884,121.72485885620117,111.50065082550049,True,0.0,0.09793456732937678,2026-03-02,1.0,0.15394461276905957,0.09169639777889427,True,True,True,0.02248152148294634,True,0.25,18110
2026-02-27,AAPL,272.80999755859375,272.80999755859375,262.8900146484375,264.17999267578125,72366500,-0.03213049693728531,0.023800510135112418,-0.0659583905781096,0.021375829189750166,265.20051940917966,242.4979470062256,False,0.0,,,0.0,-0.003848132483571187,0.0936196478495186,True,True,False,-0.3217850616233731,True,0.25,18300
2026-02-27,AMZN,206.8300018310547,210.3300018310547,205.1999969482422,210.0,57422800,0.01000385652833935,-0.13126213663323305,-0.10210366163955642,0.021059701549236674,226.59099975585937,224.34630020141603,False,0.0,,,0.0,-0.07322002980584119,0.01000551180219178,True,True,False,,False,0.0,0
2026-02-27,AVGO,310.70001220703125,320.0,310.0,319.54998779296875,28004200,-0.006683320896732958,-0.03380407831759047,-0.17073814343637073,0.025945876663895334,335.579912109375,317.6634336853027,False,0.0,,,0.0,-0.047767830367574704,0.0564008208820832,True,True,False,-0.32194398911236655,True,0.25,18300
2026-02-27,COST,990.530029296875,1014.1900024414062,989.5800170898438,1010.7899780273438,3935000,0.024373176349380854,0.06221168185185544,0.10988516448578278,0.014508555582451815,941.7795690917969,949.0288635253906,False,0.0,,,0.0,0.07327660442039208,-0.007638644842333342,True,True,False,,False,0.0,0
2026-02-27,GOOGL,303.92607541564644,312.1502667227519,303.5862877430576,311.54071044921875,44640600,0.014249474647304972,-0.07831479276008013,-0.009292318937781152,0.015683758754478395,319.7585052490234,249.23532691955566,False,0.0,,,0.0,-0.025700003799444704,0.28295819537745603,True,True,False,,False,0.0,0
2026-02-27,JPM,300.0,302.95001220703125,294.45001220703125,300.29998779296875,18620800,-0.01904425243149721,-0.01997266942946907,-0.023518852145454572,0.019198496099986934,313.03398071289064,297.36826126098634,False,0.0,,,0.0,-0.04067926712276415,0.052681208766107046,True,True,False,,False,0.0,0
2026-02-27,META,643.4500122070312,649.4400024414062,638.1199951171875,648.1799926757812,15703000,-0.013439699484934287,-0.12207609971536326,0.012231284939737241,0.017006749336014076,656.6967980957031,690.5884341430664,False,0.0,,,0.0,-0.012969159351193693,-0.04907646055413384,True,True,False,,False,0.0,0
2026-02-27,MSFT,390.8800048828125,396.82000732421875,389.8800048828125,392.739990234375,51367200,-0.022353905603506474,-0.09195756877011807,-0.19127992999511412,0.02025882827597673,444.46531372070314,483.7785604858398,False,0.0,,,0.0,-0.11637651328362542,-0.08126289582914947,True,True,False,,False,0.0,0
2026-02-27,NVDA,181.2401979138715,182.5801217841234,176.3704661683341,177.180419921875,311636500,-0.041646311846979644,-0.07958019133692018,-0.015118563338262114,0.02901887453322752,185.61095428466797,174.93647453308105,False,0.0,,,0.0,-0.04542045697293928,0.06101917727608219,True,True,False,-0.3156583597199596,True,0.25,18300
2026-02-27,XOM,151.0,153.64999389648438,149.25,152.5,30275100,0.026659532064465807,0.09256613725379581,0.31626913172114657,0.020297344147478497,133.89882064819335,115.82064079284667,True,0.0,,,1.0,0.13891966532460742,0.15608772090702527,True,True,False,0.024480853968665693,True,0.25,18300
2026-03-13,AAPL,255.39999389648438,256.3299865722656,249.52000427246094,250.1199951171875,36929988,-0.022051921765652405,-0.044358749023042265,-0.08666573282031964,0.015750146878316947,262.58055572509767,245.19723403930664,False,0.0,,,0.0,-0.04745423960849349,0.07089526011131264,True,True,False,,False,0.0,0
2026-03-13,AMZN,209.39999389648438,210.55999755859375,206.22000122070312,207.6699981689453,35662137,-0.008877013416636048,0.040430820734767225,-0.06681942826370213,0.016097956127958904,223.30599975585938,224.69590019226075,False,0.0,,,0.0,-0.07002051715587099,-0.006185695578833972,True,True,False,,False,0.0,0
2026-03-13,AVGO,337.7250061035156,338.32000732421875,321.42999267578125,322.1600036621094,34724950,-0.04110485313693757,-0.027206599028601675,-0.05012674077927204,0.022400530174663404,333.06199951171874,322.67601364135743,False,0.0,,,0.0,-0.03273263195919107,0.03218704034786102,True,True,False,-0.32204986371953137,True,0.25,18400
2026-03-13,COST,1006.2899780273438,1012.8300170898438,1002.0,1008.4299926757812,1469672,0.005093076300940469,0.009580929724450238,0.17343089175215742,0.01210153161005211,969.7117626953125,948.4242874145508,True,0.0,,,1.0,0.039927565561184375,0.02244509716088383,True,True,False,0.015747220059736812,True,0.25,18400
2026-03-13,GOOGL,307.17999267578125,307.614990234375,300.44000244140625,302.2799987792969,23693092,-0.004183788716005665,-0.02105890688541201,-0.018581545695440904,0.014689205809370536,318.75092529296876,256.1297469329834,False,0.0,,,0.0,-0.05167334494333842,0.24449006454674027,True,True,False,,False,0.0,0
2026-03-13,JPM,284.6650085449219,287.19000244140625,282.95001220703125,283.44000244140625,9082914,0.0019441753490390123,-0.06344175019068443,-0.11031018669212933,0.014194925140563617,307.2972314453125,298.9078012084961,False,0.0,,,0.0,-0.07763567830305018,0.028066949751386794,True,True,False,,False,0.0,0
2026-03-13,META,623.27001953125,629.169921875,609.5499877929688,613.7100219726562,18957637,-0.03834336861694232,-0.05555466324243852,-0.05219994638415415,0.016704297070288806,654.2611975097657,691.0179528808594,False,0.0,,,0.0,-0.06198010166498391,-0.053192185843876416,True,True,False,,False,0.0,0
2026-03-13,MSFT,400.7200012207031,404.79998779296875,394.25,395.54998779296875,26350249,-0.015701980263283843,-0.013406272590378077,-0.16504608827794298,0.014034498838294008,428.6917547607422,481.4178219604492,False,0.0,,,0.0,-0.0773090842073001,-0.10952246633702467,True,True,False,,False,0.0,0
2026-03-13,NVDA,184.91000366210938,186.08999633789062,179.94000244140625,180.25,160988424,-0.015780274103308733,-0.03573471322348376,0.02251834114159812,0.02253563585610356,185.4511575317383,177.37120475769044,False,0.0,,,0.0,-0.02804596962867789,0.04555391493836902,True,True,False,-0.32378084829307024,True,0.25,18400
2026-03-13,XOM,154.3000030517578,156.88999938964844,153.0,156.1199951171875,17491781,0.01686964344742692,0.041285951736100834,0.33458380834861634,0.01623568903359334,140.75344497680663,118.25077262878418,True,0.0,,,1.0,0.10917352781605438,0.19029619720679047,True,True,False,0.022449459783742794,True,0.25,18400
