date,strategy,benchmark
2018-01-02,1.0,1.0
2018-01-03,1.0,1.0063251659834223
2018-01-04,1.0,1.010566794798735
2018-01-05,1.0,1.0173012706617706
2018-01-08,1.0,1.0191614660253825
2018-01-09,1.0,1.02146795903865
2018-01-10,1.0,1.0199052739992895
2018-01-11,1.0,1.0273465057396336
2018-01-12,1.0,1.0340440581591837
2018-01-16,1.0,1.0305091208946229
2018-01-17,1.0,1.0403316574335544
2018-01-18,1.0,1.0385829399925215
2018-01-19,1.0,1.0433078542275318
2018-01-22,1.0,1.0517916264706098
2018-01-23,1.0,1.0540238866375666
2018-01-24,1.0,1.0536143837782832
2018-01-25,1.0,1.0540610030607218
2018-01-26,1.0,1.0662647157451275
2018-01-29,1.0,1.0591954844815719
2018-01-30,1.0,1.0483310507054724
2018-01-31,1.0,1.048852160140448
2018-02-01,1.0,1.0476615399044324
2018-02-02,1.0,1.0248537873450234
2018-02-05,1.0,0.9819917161546946
2018-02-06,1.0,1.0013392145817495
2018-02-07,1.0,0.9959072871632044
2018-02-08,1.0,0.9585519551767405
2018-02-09,1.0,0.9729506186252782
2018-02-12,1.0,0.9872381901105763
2018-02-13,1.0,0.9896936634289176
2018-02-14,1.0,1.0030508155996267
2018-02-15,1.0,1.0158496775856487
2018-02-16,1.0,1.0161475095426833
2018-02-20,1.0,1.0097854201157757
2018-02-21,1.0,1.004762352290948
2018-02-22,1.0,1.0060647720823253
2018-02-23,1.0,1.0221002890899773
2018-02-26,1.0,1.033969439353533
2018-02-27,1.0,1.0210585848324794
2018-02-28,1.0,1.0107154534710252
2018-03-01,1.0,0.996018958065453
2018-03-02,1.0,1.001153439486303
2018-03-05,1.0,1.0127246934662675
2018-03-06,1.0,1.0152917090337443
2018-03-07,1.0,1.0149197728835124
2018-03-08,1.0,1.019830912499865
2018-03-09,1.0,1.0375783521581776
2018-03-12,1.0,1.0362763183261399
2018-03-13,1.0,1.0295792805190425
2018-03-14,1.0,1.024296076099345
2018-03-15,1.0,1.0231798173627533
2018-03-16,1.0,1.0242888071984497
2018-03-19,1.0,1.010430358172196
2018-03-20,1.0,1.012148584825403
2018-03-21,1.0,1.0102059228162363
2018-03-22,1.0,0.9849536967796637
2018-03-23,1.0,0.9639596958100053
2018-03-26,1.0,0.9903327477686877
2018-03-27,1.0,0.9734856225964775
2018-03-28,1.0,0.9706089389855527
2018-03-29,1.0,0.9830112920767234
2018-04-02,1.0,0.9617933060370014
2018-04-03,1.0,0.9741204613835129
2018-04-04,1.0,0.984542714409579
2018-04-05,1.0,0.9923127191806798
2018-04-06,1.0,0.9701982139216944
2018-04-09,1.0,0.9749797998530648
2018-04-10,1.0,0.9904822426862148
2018-04-11,1.0,0.9852897387113161
2018-04-12,1.0,0.9933959783937384
2018-04-13,1.0,0.9904822426862148
2018-04-16,1.0,0.998625791771462
2018-04-17,1.0,1.0093097895563128
2018-04-18,1.0,1.0100564922252668
2018-04-19,1.0,1.0044532631865095
2018-04-20,1.0,0.9959361697871154
2018-04-23,1.0,0.995786803522702
2018-04-24,1.0,0.9823763889631322
2018-04-25,1.0,0.984804330515251
2018-04-26,1.0,0.9948155368446753
2018-04-27,1.0,0.9957494941198769
2018-04-30,1.0,0.9880917391900343
2018-05-01,1.0,0.9898472109195099
2018-05-02,1.0,0.9831977747642927
2018-05-03,1.0,0.9810312563381757
2018-05-04,1.0,0.9937318916722772
2018-05-07,1.0,0.9970942407854937
2018-05-08,1.0,0.9970942407854937
2018-05-09,1.0,1.0067320314538846
2018-05-10,1.0,1.0161454510928722
2018-05-11,1.0,1.0192462484269738
2018-05-14,1.0,1.0197317852761523
2018-05-15,1.0,1.0127089334599015
2018-05-16,1.0,1.0169670942002589
2018-05-17,1.0,1.01610827034316
2018-05-18,1.0,1.0135680146232267
2018-05-21,1.0,1.0211885244768009
2018-05-22,1.0,1.0183495362280406
2018-05-23,1.0,1.0211510864208626
2018-05-24,1.0,1.0190590581472825
2018-05-25,1.0,1.016631052268607
2018-05-29,1.0,1.0049388000356876
2018-05-30,1.0,1.0183495362280404
2018-05-31,1.0,1.0121110181163517
2018-06-01,1.0,1.0220475413135695
2018-06-04,1.0,1.0269041320099295
2018-06-05,1.0,1.0276509633319966
2018-06-06,1.0,1.036243125822937
2018-06-07,1.0,1.036130683002009
2018-06-08,1.0,1.0391941709332855
2018-06-11,1.0,1.040575969695501
2018-06-12,1.0,1.0419205233814481
2018-06-13,1.0,1.0385959982835093
2018-06-14,1.0,1.0412111301153195
2018-06-15,1.0,1.0398830440278608
2018-06-18,1.0,1.0377439930414099
2018-06-19,1.0,1.0337664247409195
2018-06-20,1.0,1.0355300659430824
2018-06-21,1.0,1.0290386158108624
2018-06-22,1.0,1.0309148928136231
2018-06-25,1.0,1.0168808322878655
2018-06-26,1.0,1.0191325834014708
2018-06-27,1.0,1.0106897228483873
2018-06-28,1.0,1.0164685633866488
2018-06-29,1.0,1.0179317352429569
2018-07-02,1.0,1.0201079669791198
2018-07-03,1.0,1.0165059371160305
2018-07-05,1.0,1.0247985308329084
2018-07-06,1.0,1.0334662770278478
2018-07-09,1.0,1.0427722069907654
2018-07-10,1.0,1.0465243107103905
2018-07-11,1.0,1.038870029414604
2018-07-12,1.0,1.048288337871893
2018-07-13,1.0,1.0491137119195624
2018-07-16,1.0,1.0481754447650689
2018-07-17,1.0,1.0524156583961364
2018-07-18,1.0,1.0546298428006902
2018-07-19,1.0,1.05065208152053
2018-07-20,1.0,1.0494509760557897
2018-07-23,1.0,1.0514025151297666
2018-07-24,1.0,1.056693503062812
2018-07-25,1.0,1.0656990923329879
2018-07-26,1.0,1.0631847602153621
2018-07-27,1.0,1.0559804431829571
2018-07-30,1.0,1.0504642479752728
2018-07-31,1.0,1.0556425357811643
2018-08-01,1.0,1.0538788945790014
2018-08-02,1.0,1.0596200397550983
2018-08-03,1.0,1.0641605297523509
2018-08-06,1.0,1.0680631576144084
2018-08-07,1.0,1.0715899254062817
2018-08-08,1.0,1.0711399611429002
2018-08-09,1.0,1.0696764033272526
2018-08-10,1.0,1.0625095243507858
2018-08-13,1.0,1.0585320847034085
2018-08-14,1.0,1.0652859228599794
2018-08-15,1.0,1.0573309792386683
2018-08-16,1.0,1.0658867972251325
2018-08-17,1.0,1.0696390295978708
2018-08-20,1.0,1.0719280901143011
2018-08-21,1.0,1.0744415859866912
2018-08-22,1.0,1.073804045484279
2018-08-23,1.0,1.0723784403370222
2018-08-24,1.0,1.0788320664539646
2018-08-27,1.0,1.0873497387923678
2018-08-28,1.0,1.087875029453522
2018-08-29,1.0,1.09372874610366
2018-08-30,1.0,1.0893010205601183
2018-08-31,1.0,1.0893384586160566
2018-09-04,1.0,1.0874620529601826
2018-09-05,1.0,1.0845357092475663
2018-09-06,1.0,1.0812710078472607
2018-09-07,1.0,1.079169716549531
2018-09-10,1.0,1.0810458648991785
2018-09-11,1.0,1.084610714012556
2018-09-12,1.0,1.0848731663634634
2018-09-13,1.0,1.091289740383807
2018-09-14,1.0,1.091477316622838
2018-09-17,1.0,1.0856986047376898
2018-09-18,1.0,1.0915896307906527
2018-09-19,1.0,1.0927530408932284
2018-09-20,1.0,1.1016083633271987
2018-09-21,1.0,1.1006021673289408
2018-09-24,1.0,1.0969458458520855
2018-09-25,1.0,1.0959281997267538
2018-09-26,1.0,1.092648445912205
2018-09-27,1.0,1.0957021562068792
2018-09-28,1.0,1.0958153709464862
2018-10-01,1.0,1.099622345218887
2018-10-02,1.0,1.0989815240620884
2018-10-03,1.0,1.099584521203609
2018-10-04,1.0,1.0909906218956407
2018-10-05,1.0,1.0848843591843111
2018-10-08,1.0,1.0848843591843111
2018-10-09,1.0,1.08330128262651
2018-10-10,1.0,1.04900004689406
2018-10-11,1.0,1.0258943337245032
2018-10-12,1.0,1.040142280050939
2018-10-15,1.0,1.034299691895092
2018-10-16,1.0,1.0569159442955178
2018-10-17,1.0,1.0571044854328977
2018-10-18,1.0,1.0418383783686775
2018-10-19,1.0,1.0412733338955478
2018-10-22,1.0,1.036599301966804
2018-10-23,1.0,1.0313218226106433
2018-10-24,1.0,1.0000746188056502
2018-10-25,1.0,1.0180164533179927
2018-10-26,1.0,1.000112249841258
2018-10-29,1.0,0.9945710316030582
2018-10-30,1.0,1.0093094035969736
2018-10-31,0.999,1.0200896982370469
2018-11-01,1.006905143532741,1.0309455122545625
2018-11-02,0.9934302624464267,1.0248389922370065
2018-11-05,0.9916965518803529,1.0304927819492473
2018-11-06,0.9989894639082212,1.0370139509506142
2018-11-07,1.017877323470695,1.0592152327344462
2018-11-08,1.013830946437469,1.057292640610937
2018-11-09,1.0054036045551762,1.0469648189699525
2018-11-12,0.9807780606868655,1.0274018909048612
2018-11-13,0.9737923386749908,1.0254795560875787
2018-11-14,0.9591282179112297,1.0184689906436377
2018-11-15,0.9701822994410552,1.0290979892225998
2018-11-16,0.9762200834328096,1.0317746172425146
2018-11-19,0.9668064917775232,1.0143223078258594
2018-11-20,0.9332389874458628,0.9955511110193385
2018-11-21,0.932233936093905,0.998943950920381
2018-11-23,0.9195395848038539,0.9922720004703557
2018-11-26,0.9321745838307949,1.008291757471642
2018-11-27,0.9366409954537156,1.0116838254540055
2018-11-28,0.9601999461591061,1.0349782727406116
2018-11-29,0.9590061311943722,1.0327171942763
2018-11-30,0.9608383693642399,1.0390115478391133
2018-12-03,0.9712521749403248,1.0527691971511826
2018-12-04,0.9366246236416967,1.0186572101482347
2018-12-06,0.9358579820935325,1.017111893279155
2018-12-07,0.9152599404967028,0.9934781877330672
2018-12-10,0.925494477668662,0.9953626342085155
2018-12-11,0.9367155686409071,0.9955891280142862
2018-12-12,0.9483553480069049,1.000602225222842
2018-12-13,0.9511387224520623,1.0002627739836905
2018-12-14,0.9181442236453218,0.9817935903603827
2018-12-17,0.9024324963987331,0.9625321608660519
2018-12-18,0.9029538270690263,0.9614768837051122
2018-12-19,0.8924991217069264,0.9470780272769047
2018-12-20,0.8793105353200311,0.9316613960702523
2018-12-21,0.8668448953739684,0.9125722974210393
2018-12-24,0.8382502460170415,0.8884593590283193
2018-12-26,0.8836373571876996,0.9333486816497372
2018-12-27,0.8926229692989519,0.9405142097685154
2018-12-28,0.893900562819692,0.939300882258022
2018-12-31,0.9003588972001975,0.9475282488465125
2019-01-02,0.9046705267368617,0.9485138603466601
2019-01-03,0.8667543703533316,0.9258797251635008
2019-01-04,0.8980651174228744,0.9568929089556014
2019-01-07,0.9026323762673157,0.9644376421255068
2019-01-08,0.9040138337768511,0.9734988738671373
2019-01-09,0.9158636041959612,0.9780483695823132
2019-01-10,0.9167849697930801,0.9814984601187254
2019-01-11,0.9118328200572441,0.9818776008432959
2019-01-14,0.9100174192041873,0.9758873189135069
2019-01-15,0.9309532720773521,0.987071648655553
2019-01-16,0.9299463964067539,0.9894604153347054
2019-01-17,0.9379350363191583,0.9969670671831065
2019-01-18,0.9520400257462077,1.0102367352368467
2019-01-22,0.9353281944595105,0.9965879907850925
2019-01-23,0.9375726553759939,0.9986734577498999
2019-01-24,0.9419891026095144,0.9992039588621382
2019-01-25,0.9533568025589155,1.0076587841547484
2019-01-28,0.9448691794132457,1.00000019297967
2019-01-29,0.9374267673984172,0.9986734577498998
2019-01-30,0.9558751901275369,1.014482995564234
2019-01-31,0.9522606041961391,1.0233924809588573
2019-02-01,0.935233445281113,1.0238853510354877
2019-02-04,0.9506649328645298,1.031088831822657
2019-02-05,0.9573818008902018,1.0354111261399397
2019-02-06,0.9532516450093412,1.0340462452621086
2019-02-07,0.9339982645384259,1.0241889723826159
2019-02-08,0.9351165955576912,1.0254398666021607
2019-02-11,0.9347350793404375,1.026008770668686
2019-02-12,0.949091467898064,1.0392027906918706
2019-02-13,0.94984521621538,1.042576589932161
2019-02-14,0.9474312057623167,1.0402639215694605
2019-02-15,0.9415451292026401,1.051599997658514
2019-02-19,0.9453355240669191,1.0534197959445843
2019-02-20,0.9451677284983091,1.055543022598113
2019-02-21,0.935595682775698,1.0517899539801387
2019-02-22,0.9389695310043169,1.0583108013487228
2019-02-25,0.9450799771123001,1.059751265930553
2019-02-26,0.942805239976132,1.058993177461082
2019-02-27,0.9387615591658839,1.0585381313997295
2019-02-28,0.939792605957137,1.0565669727259912
2019-03-01,0.9449927259104823,1.0631639827375834
2019-03-04,0.9556702186895855,1.05929660582854
2019-03-05,0.9623124704933665,1.0578558839404835
2019-03-06,0.9495520693509107,1.0514481869849501
2019-03-07,0.9380709432105293,1.0426528169017264
2019-03-08,0.9363605066581953,1.0405670283041362
2019-03-11,0.9626829761500815,1.0556573308891826
2019-03-12,0.9657077772158286,1.0596377295581632
2019-03-13,0.9803632071809856,1.0666517043096038
2019-03-14,0.9678514983144426,1.0659690065644618
2019-03-15,0.9871618324227001,1.0712358077122277
2019-03-18,0.9836009095215388,1.0751196522197595
2019-03-19,0.9990660278325868,1.0753866074296285
2019-03-20,0.9998362416195102,1.0721496307752154
2019-03-21,1.0208768477090828,1.0842588477479833
2019-03-22,1.0016110099179076,1.063391377115147
2019-03-25,0.9971726340209314,1.062591669363559
2019-03-26,1.011088704417336,1.0705121982770918
2019-03-27,1.0049936776417634,1.0649145013222017
2019-03-28,1.0094590514282586,1.0689504781360804
2019-03-29,1.0150477157706979,1.0756914509813322
2019-04-01,1.0270504139752386,1.0884481790727847
2019-04-02,1.025616392011435,1.0889809316145038
2019-04-03,1.0383322182370986,1.0906949770415322
2019-04-04,1.0384667700376558,1.0935889001696246
2019-04-05,1.0474358576682015,1.098881817899368
2019-04-08,1.0535726828702674,1.0997198642786867
2019-04-09,1.046697299565953,1.0940838286960661
2019-04-10,1.056341904729609,1.0978157982034773
2019-04-11,1.0503066881126935,1.0975111476314436
2019-04-12,1.0553431075067563,1.104936619365422
2019-04-15,1.0526995086937085,1.1042132029099556
2019-04-16,1.0584162537921389,1.1049366193654222
2019-04-17,1.0641991763014915,1.1022329741917376
2019-04-18,1.0624345584001966,1.1044036095174767
2019-04-22,1.0608009979053459,1.1053557712081947
2019-04-23,1.0706138652250718,1.1152943528552235
2019-04-24,1.0723860061893868,1.1128197102230168
2019-04-25,1.0592862466218715,1.1121336031703755
2019-04-26,1.042408795666655,1.117312791548059
2019-04-29,1.0470498371730188,1.1190646609903652
2019-04-30,1.048970084946513,1.1196356235067015
2019-05-01,1.041376669504032,1.111220037413614
2019-05-02,1.0333307211563871,1.1088206568526235
2019-05-03,1.0510687391238136,1.1196735761750924
2019-05-06,1.042362103013577,1.1150662508855378
2019-05-07,1.0239622536753823,1.0964449992824397
2019-05-08,1.0199522055034278,1.0949213604629322
2019-05-09,1.016917750871019,1.0916086714514068
2019-05-10,1.0183948311756785,1.0970921244417846
2019-05-13,0.9837047716895264,1.06952234122421
2019-05-14,0.9949376592164731,1.0791944179472661
2019-05-15,1.0122113287395391,1.0855157886638491
2019-05-16,1.0180719952863027,1.095569128887843
2019-05-17,1.0025924038394236,1.0884862603942893
2019-05-20,0.9791786244466314,1.081289147936223
2019-05-21,0.9855806095925341,1.0910371943226176
2019-05-22,0.9825608176847147,1.0876865526427013
2019-05-23,0.959626912699762,1.0743964930705205
2019-05-24,0.957195776082281,1.0768337619733455
2019-05-28,0.961700457031255,1.0668183744177424
2019-05-29,0.9540128771852671,1.0596594076077368
2019-05-30,0.9585644741125635,1.0625537810217254
2019-05-31,0.9363513343371853,1.0482350111564784
2019-06-03,0.9207799726742273,1.0455698332636376
2019-06-04,0.9435987403004646,1.068265593288015
2019-06-05,0.9530275878138356,1.0775191614338644
2019-06-06,0.9626111993809485,1.0845258029578533
2019-06-07,0.9781249230931824,1.0953787222803222
2019-06-10,0.9914757709331498,1.1004055853719892
2019-06-11,0.9919646962302999,1.1001387588152334
2019-06-12,0.986660925142013,1.0981964827654063
2019-06-13,0.9931972433752612,1.1027280313712922
2019-06-14,0.9944127378561677,1.101510072348724
2019-06-17,0.9972038753470952,1.1019288382321568
2019-06-18,1.0082166427748793,1.1134670926885881
2019-06-19,1.0092498994013965,1.1159800739485255
2019-06-20,1.0170093739486175,1.1266427153165868
2019-06-21,1.0132424729571126,1.1250045752263405
2019-06-24,1.0138887510224448,1.1236272149965298
2019-06-25,0.9986782879538728,1.1126065320144614
2019-06-26,1.0020544521642794,1.1114971562194254
2019-06-27,1.0052570829321592,1.1154383156888832
2019-06-28,1.0085787073664212,1.1211783029869615
2019-07-01,1.0200031934782743,1.1313568226900894
2019-07-02,1.0253145204446625,1.1343033649414764
2019-07-03,1.0322255896949275,1.1433721228902285
2019-07-05,1.0319265045177843,1.1420709253034265
2019-07-08,1.0261169955282659,1.1357957410544786
2019-07-09,1.0283788641325964,1.137211697218246
2019-07-10,1.0341723028423913,1.142645232800706
2019-07-11,1.0406688227641194,1.1453236619642055
2019-07-12,1.049071874795115,1.1504511317903867
2019-07-15,1.0494212251716508,1.1508337461490132
2019-07-16,1.047951670293886,1.1471224897928258
2019-07-17,1.0432079719765506,1.1393160761906924
2019-07-18,1.04926400525987,1.143486881467194
2019-07-19,1.0418497218331264,1.137135148615898
2019-07-22,1.0516881111250511,1.1399284650094759
2019-07-23,1.0601198319852223,1.1480786397300526
2019-07-24,1.064386374705234,1.1534742226441215
2019-07-25,1.05775319031507,1.1479640098062005
2019-07-26,1.0634914661836934,1.1556555361782552
2019-07-29,1.0633729297124452,1.1535510285526958
2019-07-30,1.059755686765698,1.1507192448782742
2019-07-31,1.054731102087123,1.1381298944870817
2019-08-01,1.0445189518879785,1.1282192305656151
2019-08-02,1.034808166087369,1.1197242655016897
2019-08-05,0.9976805974148809,1.0860505996553795
2019-08-06,1.0129994416889856,1.101280169235454
2019-08-07,1.015919633642316,1.1019307680288548
2019-08-08,1.0330643491173217,1.1235509237004084
2019-08-09,1.0276517126725067,1.115897607302971
2019-08-12,1.0161285930260247,1.1023132537343683
2019-08-13,1.0406940378533158,1.119456152413802
2019-08-14,1.0066745773688357,1.086356665411658
2019-08-15,1.0089806846646798,1.0892266590606972
2019-08-16,1.0279945512377717,1.1052978773072595
2019-08-19,1.0408204641027328,1.118614503747314
2019-08-20,1.0328746402650006,1.1100431187341537
2019-08-21,1.0418371079611501,1.1190735380551753
2019-08-22,1.0464137445259944,1.118729133671166
2019-08-23,1.0139669325485274,1.0899921450841765
2019-08-26,1.0288471118694413,1.102045655258933
2019-08-27,1.0366334835744988,1.097721495471509
2019-08-28,1.0424972990737347,1.105450974511955
2019-08-29,1.0601588496053227,1.1195711682969933
2019-08-30,1.0581927523833217,1.119073538055175
2019-09-03,1.0419706550802692,1.1125301120652265
2019-09-04,1.0601368788685401,1.1251578010841494
2019-09-05,1.0900306608555395,1.1396221419469705
2019-09-06,1.0932635290039565,1.1405022578943023
2019-09-09,1.0927392017673727,1.1410764367384685
2019-09-10,1.0982927005459557,1.1408083236505808
2019-09-11,1.106169502196393,1.148920931662106
2019-09-12,1.1080935807187977,1.1529004297592944
2019-09-13,1.1022571625376947,1.152135072388928
2019-09-16,1.0961886249300594,1.148576527278097
2019-09-17,1.1006861836465984,1.1514847309017533
2019-09-18,1.1031934289662904,1.1521732823635453
2019-09-19,1.0933205967227344,1.1520967337611974
2019-09-20,1.079397788757959,1.146653420542135
2019-09-23,1.0861889731101948,1.1463841495762286
2019-09-24,1.0780329476075918,1.137388466595768
2019-09-25,1.0977538428711546,1.1441162524969177
2019-09-26,1.093926189639898,1.1417326962688494
2019-09-27,1.0782016634854397,1.135581919580356
2019-09-30,1.0886101420221392,1.1408483347687826
2019-10-01,1.0809312210884825,1.1272783903488572
2019-10-02,1.0609952467222394,1.1073650755299933
2019-10-03,1.0781394496125685,1.1164378217252544
2019-10-04,1.0973930070862719,1.1315454281540247
2019-10-07,1.0997991505502855,1.1266629138553568
2019-10-08,1.0757340462522982,1.1091722658109708
2019-10-09,1.0888873155358303,1.119704838881597
2019-10-10,1.1014707945407824,1.1272783903488568
2019-10-11,1.1193224320171797,1.1389648531916827
2019-10-14,1.1209531692875825,1.1376962048425177
2019-10-15,1.1491612024085711,1.1489597849022886
2019-10-16,1.1443463494233077,1.14711464195292
2019-10-17,1.1494322564669304,1.1504978328704731
2019-10-18,1.1437691292823797,1.1454614494484303
2019-10-21,1.1640758348265667,1.1532270800136826
2019-10-22,1.165016903410694,1.1494598595532575
2019-10-23,1.1727765346297416,1.1528043258837406
2019-10-24,1.1760530512403036,1.1546876788077267
2019-10-25,1.1947077785948275,1.1594161953299065
2019-10-28,1.2079531150213818,1.1659512588674978
2019-10-29,1.188491274396923,1.1656053106461304
2019-10-30,1.1869361125754434,1.169180452008563
2019-10-31,1.1883919649162455,1.166066532056916
2019-11-01,1.209168150272014,1.1768691480121276
2019-11-04,1.229493654305859,1.1815972785749675
2019-11-05,1.2288566940699617,1.180290291598072
2019-11-06,1.2264599189703589,1.1805595625639784
2019-11-07,1.2364901979738723,1.1847109412203884
2019-11-08,1.2378962651613385,1.1876327820740429
2019-11-11,1.2373164665019694,1.185364756341619
2019-11-12,1.2370936202977814,1.1878634571059923
2019-11-13,1.2366486003319554,1.1882480012613168
2019-11-14,1.2397001839098536,1.189977613715041
2019-11-15,1.2431241786507312,1.1985886238870638
2019-11-18,1.2564267420122925,1.1994727280809045
2019-11-19,1.2473048973349687,1.1991269085126501
2019-11-20,1.243639621510136,1.1946675343032636
2019-11-21,1.2410821872544764,1.1927454567922073
2019-11-22,1.2423674303934777,1.1953977693737292
2019-11-25,1.2675486509841833,1.2046625946669829
2019-11-26,1.2612633302270622,1.2073918418101923
2019-11-27,1.2682593601505798,1.21277365884115
2019-11-29,1.262084524484973,1.2082764606164857
2019-12-02,1.2413604317863343,1.1980120006337471
2019-12-03,1.2252845849986174,1.1899776137150413
2019-12-04,1.2398247832414457,1.1973202328441255
2019-12-05,1.2465232271968145,1.1994727280809048
2019-12-06,1.267167389373119,1.210428827200152
2019-12-09,1.2595805573591456,1.2066228821526568
2019-12-10,1.264999233096967,1.2052775565480305
2019-12-11,1.2765877690295704,1.2086992147464277
2019-12-12,1.304482438329694,1.2191166432807492
2019-12-13,1.293623472293145,1.2198473929636675
2019-12-16,1.3099924075381362,1.2282274707975147
2019-12-17,1.3178854779025275,1.2284968704165342
2019-12-18,1.3222288817417969,1.2285735476719954
2019-12-19,1.3261053612427445,1.233609159175359
2019-12-20,1.3287467371498562,1.2390178647069734
2019-12-23,1.3338593385821507,1.2409107379613356
2019-12-24,1.3358329091172754,1.240949591201519
2019-12-26,1.3441749161278285,1.2475555426044778
2019-12-27,1.3394970435452065,1.2472461318672563
2019-12-30,1.3305767303156704,1.2403697516203722
2019-12-31,1.3411731984708155,1.2433831934906179
2020-01-02,1.36566544479734,1.2550112478200555
2020-01-03,1.3481248464644888,1.245508028308061
2020-01-06,1.3528269757570568,1.2502597023906148
2020-01-07,1.3464974436207973,1.2467442560727022
2020-01-08,1.3605318841761633,1.2533888034096181
2020-01-09,1.3769831794124474,1.2618874994138263
2020-01-10,1.3745785151306522,1.2582560079878167
2020-01-13,1.3996804893521169,1.2669097309934185
2020-01-14,1.390044855151798,1.2649783904582126
2020-01-15,1.3831950853552508,1.2678365480208382
2020-01-16,1.399934974503248,1.278382886974576
2020-01-17,1.4086828219976666,1.282362256418651
2020-01-21,1.3996730197594387,1.2798510763022983
2020-01-22,1.4018939687615404,1.2800053313850128
2020-01-23,1.4092340036096733,1.2814735207127352
2020-01-24,1.3926050732296897,1.2700771706401524
2020-01-27,1.359328646123393,1.249718973355878
2020-01-28,1.3927716693833943,1.2628147024005856
2020-01-29,1.4015594851149231,1.2617715829588423
2020-01-30,1.4156539697018633,1.265866482898562
2020-01-31,1.3706241426122499,1.242881060389838
2020-02-03,1.3860034497898508,1.252114237017247
2020-02-04,1.403483957758404,1.27119748194981
2020-02-05,1.4107325055118745,1.2858774454303372
2020-02-06,1.4321102494734352,1.290204178280025
2020-02-07,1.4319932778055282,1.2833281839924806
2020-02-10,1.4503924121792613,1.2929080807599362
2020-02-11,1.4367617405241244,1.2951490893385902
2020-02-12,1.4529891502664254,1.3034935302600834
2020-02-13,1.4507331972470863,1.3021027901065012
2020-02-14,1.4554650463621228,1.3041886430306482
2020-02-18,1.4569385749539072,1.3008274517954503
2020-02-19,1.4657048922808014,1.3070471865526134
2020-02-20,1.4556588378202155,1.301677720220522
2020-02-21,1.425481786045139,1.288272709091706
2020-02-24,1.3686899768756406,1.2455463669357925
2020-02-25,1.3338238749633293,1.2078040463848534
2020-02-26,1.3451752352239865,1.2033611397739552
2020-02-27,1.2674149622477058,1.1493164113320518
2020-02-28,1.266529169144518,1.1444872880753578
2020-03-02,1.3179822496804168,1.1940511572379722
2020-03-03,1.2704968928740425,1.1598623643264498
2020-03-04,1.3259413219178127,1.208614946957289
2020-03-05,1.2798227982175459,1.1684387668110245
2020-03-06,1.2538470595929814,1.1491233030091539
2020-03-09,1.1724220375236625,1.0593831893737184
2020-03-10,1.240305852659497,1.1142006727399967
2020-03-11,1.1816481671523333,1.0598850008417153
2020-03-12,1.0698425805112812,0.9584783655959983
2020-03-13,1.1802050859578856,1.040414960324347
2020-03-16,1.0321040647786683,0.9265689198908604
2020-03-17,1.109733630813844,0.9765961975671845
2020-03-18,1.0763367242052224,0.9271483735126673
2020-03-19,1.1067693786496926,0.9291184386349434
2020-03-20,1.071054674488311,0.8890788880948866
2020-03-23,1.0821159183173774,0.8663467835660332
2020-03-24,1.1778913299050473,0.9448406209854218
2020-03-25,1.15523133535882,0.9589850015557398
2020-03-26,1.2136972705520206,1.0149799182139316
2020-03-27,1.1735841229374153,0.9847480447782329
2020-03-30,1.228536698306295,1.0167286356549647
2020-03-31,1.2227559333141342,1.0015738135336536
2020-04-01,1.1832742906340676,0.9564979438981104
2020-04-02,1.2110652081423057,0.9785696719969602
2020-04-03,1.1897055979686628,0.9644252914266421
2020-04-06,1.2728545587409081,1.029202005264616
2020-04-07,1.2589961087116384,1.0302514287089057
2020-04-08,1.27911580978943,1.0648350580248076
2020-04-09,1.2680771643929578,1.0810389176310686
2020-04-13,1.2962651355940602,1.0711691653995965
2020-04-14,1.3620395871867508,1.1027608379151554
2020-04-15,1.3541800845317873,1.079329375063002
2020-04-16,1.4081155633957911,1.0845362238600214
2020-04-17,1.3995379634523708,1.113835683857877
2020-04-20,1.382609430664879,1.0942120958499166
2020-04-21,1.3258298971609332,1.0609882656138747
2020-04-22,1.3714868950702777,1.0845362238600216
2020-04-23,1.3655353052219874,1.0844583887265418
2020-04-24,1.3857651060068368,1.0995746149138959
2020-04-27,1.38683991779384,1.11542892401162
2020-04-28,1.3583821827564506,1.1102992670825145
2020-04-29,1.3928837642117693,1.1393656076392698
2020-04-30,1.3987863104915543,1.1287571292318614
2020-05-01,1.351054271691467,1.0988751279374824
2020-05-04,1.37541580557275,1.101906066631122
2020-05-05,1.3867697710388611,1.1120867734371742
2020-05-06,1.4024757506891061,1.1045483442698152
2020-05-07,1.4215692573732635,1.1178768067962832
2020-05-08,1.4425575311967724,1.1363732648795872
2020-05-11,1.4657750363147033,1.1366067702800267
2020-05-12,1.436426293166072,1.1139522435784268
2020-05-13,1.424180282687317,1.0942508204369865
2020-05-14,1.4439471905717154,1.1073461635223545
2020-05-15,1.4727688493183932,1.1124367099050503
2020-05-18,1.499248123411522,1.1463213668569918
2020-05-19,1.5095003224826342,1.1345467766316308
2020-05-20,1.5541558144886662,1.1538206854779411
2020-05-21,1.537258610548099,1.1458548706685654
2020-05-22,1.5550233046026856,1.1480310380781715
2020-05-26,1.5322220352523641,1.162175161342263
2020-05-27,1.518570695794061,1.179467168979884
2020-05-28,1.5094740508761857,1.1772913875296172
2020-05-29,1.5314929696397797,1.1825372182199332
2020-06-01,1.5439372410250756,1.187316681374936
2020-06-02,1.5522962265337508,1.1971475803662248
2020-06-03,1.5486566410155502,1.2130797245974287
2020-06-04,1.5337600719905267,1.2098935015961692
2020-06-05,1.567957865605439,1.2409018608965252
2020-06-08,1.5687209237406063,1.2559015273633294
2020-06-09,1.6071590619674707,1.2465367386011275
2020-06-10,1.6433797404708366,1.2395812366896317
2020-06-11,1.5552231756529502,1.1681206076621058
2020-06-12,1.574860392921969,1.1821094466185773
2020-06-15,1.5996314229457955,1.1931454393211156
2020-06-16,1.620859635617912,1.2161107919441823
2020-06-17,1.628976430985049,1.2110589701485566
2020-06-18,1.633414790869914,1.211525594990096
2020-06-19,1.6354959718923923,1.204601741744445
2020-06-22,1.6700076956504522,1.2123295482944194
2020-06-23,1.683615520680767,1.217910520344595
2020-06-24,1.6438648099790132,1.186843237918398
2020-06-25,1.6687537952421123,1.1995667735066473
2020-06-26,1.5981632138153976,1.1710753837127372
2020-06-29,1.622060704661855,1.188287369113954
2020-06-30,1.6599371220860548,1.2035088335478974
2020-07-01,1.681020492229281,1.2119388287896622
2020-07-02,1.6895439044774414,1.218613094995725
2020-07-06,1.744277192728216,1.2374251391656836
2020-07-07,1.7311746745055003,1.2246628789903642
2020-07-08,1.7775487887485848,1.2340297262023774
2020-07-09,1.809958179123379,1.2270044943035325
2020-07-10,1.8105662797418893,1.2395327344659595
2020-07-13,1.7624734638533117,1.2287998484980966
2020-07-14,1.7838844819057653,1.244724016236283
2020-07-15,1.7689876462448255,1.2561593482021622
2020-07-16,1.7494692810246568,1.2520222500413163
2020-07-17,1.7437057976969799,1.2556523262830808
2020-07-20,1.8194105637796987,1.2657998405859299
2020-07-21,1.7907891395770053,1.2684929362043327
2020-07-22,1.79778454185773,1.2757128202634336
2020-07-23,1.7280388976484153,1.2604916131357167
2020-07-24,1.7303197524914438,1.2523736016934375
2020-07-27,1.7623403004950777,1.2615065575456712
2020-07-28,1.73452442174876,1.253505234477055
2020-07-29,1.7626254154568326,1.2689221229899337
2020-07-30,1.7765303242450556,1.2643949485898962
2020-07-31,1.8410023830170346,1.2743860207071063
2020-08-03,1.8589682184417884,1.283245846000038
2020-08-04,1.8713471586117216,1.2882024644919032
2020-08-05,1.8840384461760968,1.2962034016011796
2020-08-06,1.9359947259868273,1.3048678028151763
2020-08-07,1.9163135253149262,1.305804783438538
2020-08-10,1.9091733893145253,1.3097076042802653
2020-08-11,1.8588127645962538,1.2988964972195831
2020-08-12,1.9186635524369782,1.3170063526977518
2020-08-13,1.9296849544322288,1.3146252408788341
2020-08-14,1.932261424017714,1.3146642227721306
2020-08-17,1.9684202061118303,1.3188405601324993
2020-08-18,1.9918173994998716,1.3216897119772015
2020-08-19,1.9801333828037404,1.316186703713619
2020-08-20,2.0089236592879147,1.320284691328055
2020-08-21,2.0515854387455987,1.324968050607505
2020-08-24,2.071170201368026,1.3383944181531104
2020-08-25,2.092235386203543,1.3430780347387867
2020-08-26,2.1582046091458684,1.3565428695652362
2020-08-27,2.1201010851127515,1.3595089670898282
2020-08-28,2.1421226968578457,1.3682903139837141
2020-08-31,2.176419616851988,1.3633342101043018
2020-09-01,2.228175739561863,1.3761745627193274
2020-09-02,2.2562727551043302,1.3960795150858338
2020-09-03,2.1114537316869537,1.3480343959244256
2020-09-04,2.0691508943653,1.3370281220910345
2020-09-08,1.9613632868360067,1.3004965559883253
2020-09-09,2.037049958640299,1.3261782904432822
2020-09-10,1.9792312849906215,1.3031506697134316
2020-09-11,1.95490799988529,1.3038142624712648
2020-09-14,1.9950833871738716,1.3209870086729585
2020-09-15,2.0207581505810754,1.327661146225908
2020-09-16,1.9583236189682542,1.322392157975218
2020-09-17,1.921316113781357,1.3107614019304032
2020-09-18,1.8826020283292237,1.2956710350188003
2020-09-21,1.902261906700374,1.2812504362144637
2020-09-22,1.9540333719938734,1.2942995928321963
2020-09-23,1.8825257410739966,1.2642836636469865
2020-09-24,1.9001543034105752,1.2676530886814286
2020-09-25,1.9601243323288307,1.2881474009594576
2020-09-28,1.99429984382503,1.309542670989155
2020-09-29,2.002889084380559,1.3024111716188156
2020-09-30,2.0197946315326765,1.3122856840154757
2020-10-01,2.03745463544841,1.3207105331327127
2020-10-02,2.0004583065137527,1.3081713574556644
2020-10-05,2.0512664547086823,1.3313693149073782
2020-10-06,2.0462200262739025,1.3124422548542278
2020-10-07,2.0741621790829115,1.3352878314289147
2020-10-08,2.092444493565726,1.3471217307394563
2020-10-09,2.0975742271542654,1.359151697394499
2020-10-12,2.139590895035401,1.3810173232060188
2020-10-13,2.1364124302042056,1.3720046580146172
2020-10-14,2.1227598143212703,1.363383741552879
2020-10-15,2.1230020976665216,1.3616989003825446
2020-10-16,2.121087044004139,1.360875777764356
2020-10-19,2.087763895205884,1.3401860414073914
2020-10-20,2.101975008384087,1.3455543498614642
2020-10-21,2.0845226360879354,1.3430072755265317
2020-10-22,2.095614276527517,1.3503743387471219
2020-10-23,2.1068240359741983,1.3549587637825289
2020-10-26,2.0572343027892366,1.3299191370155026
2020-10-27,2.055446084747868,1.3253347119800956
2020-10-28,1.9830834894216978,1.2800360794790642
2020-10-29,2.0138602206774077,1.2930457395910477
2020-10-30,1.9807987885977598,1.2795657236972422
2020-11-02,2.0061462470295335,1.2939077154494196
2020-11-03,2.042547521275988,1.3167531633709932
2020-11-04,2.0795019153817784,1.3461814051351517
2020-11-05,2.141397037906889,1.3724353886375773
2020-11-06,2.1336706346072942,1.3721219896538468
2020-11-09,2.1707089072186996,1.3893640798835498
2020-11-10,2.146118314841383,1.3873260859175096
2020-11-11,2.169159834675171,1.3976319722026953
2020-11-12,2.156934827705631,1.3840737352160701
2020-11-13,2.1787201306486716,1.4032354585476787
2020-11-16,2.2066643544473457,1.42075132260225
2020-11-17,2.200010485094071,1.4131100995974522
2020-11-18,2.1898496390489095,1.3961037018711129
2020-11-19,2.2041739779159726,1.401981862612757
2020-11-20,2.1875893826612276,1.3923809953878514
2020-11-23,2.2066464127984764,1.4007273661060426
2020-11-24,2.2548411322505597,1.4232983969371824
2020-11-25,2.2521849529034204,1.4211042180917297
2020-11-27,2.2626180381303636,1.4250617165065624
2020-11-30,2.2511251938552173,1.4187532111012984
2020-12-01,2.2858699908795765,1.4342704490424651
2020-12-02,2.2990988851788376,1.4372880078123331
2020-12-03,2.2745870728441298,1.4368960017764436
2020-12-04,2.2963002553642453,1.4492784779616268
2020-12-07,2.3047127440321367,1.4463004156975083
2020-12-08,2.3135122670883517,1.4505325885090012
2020-12-09,2.2834298064978524,1.4375225424376783
2020-12-10,2.265708889776246,1.437052829921422
2020-12-11,2.2623367445830964,1.4353673454855218
2020-12-14,2.256441836241564,1.4289412511348023
2020-12-15,2.273721843868183,1.4482594166520502
2020-12-16,2.2796906307342955,1.4505325885090015
2020-12-17,2.2724784426483593,1.4586439099893949
2020-12-18,2.27618221033932,1.4528195262490642
2020-12-21,2.289706856950965,1.4476251568040241
2020-12-22,2.2772853428528252,1.4451851218592655
2020-12-23,2.285582491785959,1.4464836177306906
2020-12-24,2.297335481522508,1.4521112908609541
2020-12-28,2.325066159293658,1.4645860113282945
2020-12-29,2.3170057550938052,1.4617921803222638
2020-12-30,2.3220447720887964,1.4638777759401842
2020-12-31,2.3407656997301425,1.4713152124136892
2021-01-04,2.2914485730978487,1.451285209221162
2021-01-05,2.306081069387189,1.4612803982379945
2021-01-06,2.2952414015524236,1.470016587889151
2021-01-07,2.3741759406041014,1.4918577696091644
2021-01-08,2.386582524756021,1.5003577521445042
2021-01-11,2.3759898989572696,1.4902438163041978
2021-01-12,2.382343395041949,1.4905586304721734
2021-01-13,2.3988792755864106,1.494572993563036
2021-01-14,2.385250690366766,1.4893387416529071
2021-01-15,2.3571355710350983,1.478477588531194
2021-01-19,2.386023517394292,1.4900864735467665
2021-01-20,2.4218396051373072,1.5107073804881745
2021-01-21,2.447134340281766,1.5120844834117586
2021-01-22,2.452555101823027,1.5067325139030612
2021-01-25,2.4712871127557756,1.5126750012013
2021-01-26,2.476113168442116,1.510314087921153
2021-01-27,2.429792544208127,1.4734009366847225
2021-01-28,2.444574200784451,1.4860726250683565
2021-01-29,2.394213001738812,1.4563222359087706
2021-02-01,2.441120647623513,1.4805631841491145
2021-02-02,2.482454382473529,1.5014986479522716
2021-02-03,2.507736828712544,1.502679426225128
2021-02-04,2.5389726304741664,1.5197587702666457
2021-02-05,2.553276803142059,1.5257399821519546
2021-02-08,2.600619823892242,1.5367587353373253
2021-02-09,2.5965470436195055,1.5357355571281266
2021-02-10,2.594408379125274,1.5350668182457659
2021-02-11,2.592325362040931,1.5375457064307079
2021-02-12,2.62244966875702,1.5451410002740968
2021-02-16,2.658292054760194,1.5438028792438092
2021-02-17,2.664565851879915,1.5441570612644209
2021-02-18,2.656311911841571,1.5375852029364572
2021-02-19,2.6733892085120274,1.534869721676359
2021-02-22,2.66782752043854,1.5230643833569455
2021-02-23,2.6726251668210255,1.5249135145528232
2021-02-24,2.7207889358751833,1.5417172836258883
2021-02-25,2.650605266655416,1.5045681825798678
2021-02-26,2.6434175969076716,1.4968155459790478
2021-03-01,2.7263731742120876,1.5330988115733009
2021-03-02,2.70583304757851,1.5211357445371168
2021-03-03,2.6823838381307006,1.5009875091335683
2021-03-04,2.677373789040959,1.4824129586105579
2021-03-05,2.7349019383183597,1.5096840736258623
2021-03-08,2.6702049954558156,1.5021680301001985
2021-03-09,2.701525920930086,1.5236151473345116
2021-03-10,2.7264106512052253,1.5330988115733013
2021-03-11,2.76439441978595,1.548643066668238
2021-03-12,2.759562461229524,1.5507291768986113
2021-03-15,2.7699918962734182,1.5599768913278107
2021-03-16,2.7678506737980215,1.5580093992677984
2021-03-17,2.7852900470613053,1.5633218722707467
2021-03-18,2.718408521442866,1.540576001858782
2021-03-19,2.726175764540245,1.5377255634829476
2021-03-22,2.703290709876544,1.5500038306464468
2021-03-23,2.6757774430719232,1.5378042991882197
2021-03-24,2.6818659869607586,1.5299866927652388
2021-03-25,2.695025232263476,1.5385938433438657
2021-03-26,2.7517119018089833,1.5633886432364918
2021-03-29,2.7310388049396486,1.562598584468393
2021-03-30,2.707091123400792,1.5584531238551897
2021-03-31,2.7006952268105247,1.5647705063252637
2021-04-01,2.7557580238147894,1.5816683208240707
2021-04-05,2.808979301998552,1.6043696772588718
2021-04-06,2.7965346563312496,1.6034227903457947
2021-04-07,2.8221060034135643,1.6052780968911056
2021-04-08,2.8229233420472943,1.6128983494384532
2021-04-09,2.8302578858987117,1.6246243087870285
2021-04-12,2.818488031796672,1.6252166277201543
2021-04-13,2.820980322593677,1.6300328856655295
2021-04-14,2.817705254097085,1.6244664514171445
2021-04-15,2.8496959253560843,1.6419168310371017
2021-04-16,2.8448285348249587,1.6474051728457806
2021-04-19,2.8333568730977903,1.6393116054950074
2021-04-20,2.820246555332466,1.6273091706061873
2021-04-21,2.8308235757573024,1.6427066324989745
2021-04-22,2.796600693163898,1.6277037497043407
2021-04-23,2.829784666041085,1.6453518691592708
2021-04-26,2.8297268805933036,1.6487867786283263
2021-04-27,2.837679752314064,1.6484315673828092
2021-04-28,2.8871960530459684,1.6479579952731573
2021-04-29,2.9697713993256927,1.6584598202497312
2021-04-30,2.9218268185665948,1.647562772909438
2021-05-03,2.916089444831791,1.6511163005488547
2021-05-04,2.883795294790225,1.6409299330058222
2021-05-05,2.891397123054121,1.6414433875805627
2021-05-06,2.924716771503802,1.6545512100179103
2021-05-07,2.934320070489198,1.6665931414124797
2021-05-10,2.864635846855425,1.6500897773587129
2021-05-11,2.84389665710562,1.6353631127980977
2021-05-12,2.8007391301346725,1.6006195676625008
2021-05-13,2.809660082852615,1.6198470327349497
2021-05-14,2.8808436556273103,1.644720053720395
2021-05-17,2.910522885153854,1.6405350966014425
2021-05-18,2.8603570950327812,1.626401265586406
2021-05-19,2.854321174073293,1.6221369294966153
2021-05-20,2.878693244557421,1.6395878237290253
2021-05-21,2.860413403690577,1.6382453284928893
2021-05-24,2.9179959491114515,1.6549461750754024
2021-05-25,2.912302409638543,1.6512744152249643
2021-05-26,2.9272500467713556,1.6545512100179096
2021-05-27,2.9206244976822133,1.6554198758381675
2021-05-28,2.9016603071822717,1.6583809558913452
2021-06-01,2.911354063647483,1.6569200997910745
2021-06-02,2.938973363281914,1.659525968598735
2021-06-03,2.947236163031261,1.6533669581109975
2021-06-04,2.991599767037151,1.6684883304228793
2021-06-07,2.9901915536329415,1.6668696169527246
2021-06-08,2.9725235259885534,1.6672245708920153
2021-06-09,2.952080761810754,1.6647375775609423
2021-06-10,2.954277250351806,1.6724759336661983
2021-06-11,2.965794535948753,1.6752391452312898
2021-06-14,2.9773423907998473,1.6789901553994528
2021-06-15,2.9567874355568566,1.6759108431352538
2021-06-16,2.941772607027008,1.66655364490673
2021-06-17,2.9779363066720883,1.6660008224793532
2021-06-18,2.9357171027778093,1.643525766870653
2021-06-21,2.957105292571598,1.6670546201294911
2021-06-22,2.9997361387175068,1.675966678586378
2021-06-23,3.0140982888915233,1.6739466960561844
2021-06-24,3.03281377924423,1.683849383484633
2021-06-25,3.0343005387955952,1.6898305953699424
2021-06-28,3.1093193143679896,1.6932373298072094
2021-06-29,3.1062003010677266,1.6941481938485936
2021-06-30,3.093907234232821,1.6955741849551897
2021-07-01,3.103529190705391,1.704961616665313
2021-07-02,3.1552460176043615,1.7179937910721046
2021-07-06,3.1748699991449385,1.7148643040937617
2021-07-07,3.1946619383541854,1.720924894949909
2021-07-08,3.1666408068470906,1.7069028634902346
2021-07-09,3.1944766058970853,1.725123875258199
2021-07-12,3.199054306100433,1.731302826978481
2021-07-13,3.204076596319479,1.7254012513702364
2021-07-14,3.217271594484257,1.7279757288182782
2021-07-15,3.177633307174663,1.722073767250694
2021-07-16,3.1291348722358054,1.708566348243779
2021-07-19,3.1315173533371294,1.6833343850725337
2021-07-20,3.155338122939603,1.7074573584080825
2021-07-21,3.188654905084137,1.7212816500327843
2021-07-22,3.2221744465351465,1.7248858669987979
2021-07-23,3.2516527741207897,1.7426317628197525
2021-07-26,3.2409091786643027,1.7469093501802015
2021-07-27,3.220314631408855,1.7389479095766744
2021-07-28,3.2179390582239584,1.7382351713296027
2021-07-29,3.236296493596753,1.7454441198740824
2021-07-30,3.2331502052268095,1.7369674235522299
2021-08-02,3.230273653611929,1.7333230668149011
2021-08-03,3.2632296203570172,1.7474244772454135
2021-08-04,3.2561357860514675,1.7388290341000867
2021-08-05,3.2873300707789372,1.7498409686704581
2021-08-06,3.273546604053245,1.7527323187362867
2021-08-09,3.278716698477984,1.7513064562828038
2021-08-10,3.2747237485153344,1.753484810795334
2021-08-11,3.2768305943314395,1.7578422917390741
2021-08-12,3.3094680325940637,1.7631105080710852
2021-08-13,3.3271010555417972,1.7663187307547006
2021-08-16,3.356216004746496,1.770477957251015
2021-08-17,3.3357628356664493,1.7588721599101589
2021-08-18,3.290692820466757,1.7396212799711095
2021-08-19,3.325939798713341,1.7423147615488521
2021-08-20,3.375029870136376,1.756178549679303
2021-08-23,3.3930614622820747,1.7716268295518
2021-08-24,3.388434257427694,1.7744393152592435
2021-08-25,3.383445200118658,1.7781622790487313
2021-08-26,3.363191434876316,1.7676657288497981
2021-08-27,3.3881695531967275,1.7834701205396046
2021-08-30,3.438835264182954,1.791313200278997
2021-08-31,3.424836978049881,1.7886592152070038
2021-09-01,3.431838366794543,1.7896099617134769
2021-09-02,3.425153955696545,1.7951158003455494
2021-09-03,3.4478552857868063,1.7946803095574018
2021-09-07,3.4360249121426922,1.7882630922714924
2021-09-08,3.4317584330772597,1.7860848664120752
2021-09-09,3.4166240406973567,1.7784395265076554
2021-09-10,3.4065036695148536,1.764417366394868
2021-09-13,3.39657396040504,1.7689330906678313
2021-09-14,3.4069852981547215,1.759387158322258
2021-09-15,3.4406420160711457,1.7740825601763681
2021-09-16,3.437895090957708,1.771270074468925
2021-09-17,3.385747557395831,1.7540162768059218
2021-09-20,3.311682607536868,1.724769307278248
2021-09-21,3.321955855077944,1.7231399155996987
2021-09-22,3.367644813442212,1.7399487021441784
2021-09-23,3.3976018727946533,1.7610893676628734
2021-09-24,3.4159479902533114,1.7639903667121912
2021-09-27,3.364897732795895,1.7589436910410932
2021-09-28,3.2417323788990497,1.7234978285605929
2021-09-29,3.235212643483364,1.7263986989567977
2021-09-30,3.2238342929553947,1.705298173209418
2021-10-01,3.271876230314164,1.725564126211535
2021-10-04,3.2475245073637384,1.7033111258762008
2021-10-05,3.2868728665063576,1.7210341214430076
2021-10-06,3.2849543977976046,1.7281869772301368
2021-10-07,3.3075493101701947,1.7431279778773263
2021-10-08,3.325247069110877,1.7399487021441788
2021-10-11,3.29465857463274,1.727352147178648
2021-10-12,3.267055835828201,1.72310041909395
2021-10-13,3.2399291884806147,1.7292993120467766
2021-10-14,3.295465443315041,1.7583873949796611
2021-10-15,3.331648192569125,1.771778897531592
2021-10-18,3.3487319655624983,1.7770243422625684
2021-10-19,3.392454251178978,1.7907337466571918
2021-10-20,3.4117725284090903,1.797767469661507
2021-10-21,3.4111019494196015,1.8024562323717106
2021-10-22,3.4390175018833204,1.8005884464744204
2021-10-25,3.477143137617847,1.8102446345379974
2021-10-26,3.511152266693651,1.8118737689103204
2021-10-27,3.4588520483031497,1.8038471011784059
2021-10-28,3.488906451224314,1.8212520662494072
2021-10-29,3.4904362439317906,1.8249478842320117
2021-11-01,3.4880340436143324,1.8280870201938442
2021-11-02,3.5413409957090236,1.8354781415466008
2021-11-03,3.5685087544107197,1.8466842136647759
2021-11-04,3.716341679053046,1.8553865675471635
2021-11-05,3.726702628364429,1.86182424067807
2021-11-08,3.745370054075813,1.8634136212384174
2021-11-09,3.7451925501821384,1.85725461075068
2021-11-10,3.673203812554107,1.8423127095316982
2021-11-11,3.7299612628621195,1.8429088880582198
2021-11-12,3.7642095224817487,1.8568170615127213
2021-11-15,3.7603004247768737,1.8574528651981053
2021-11-16,3.7928306729112,1.8648042327388863
2021-11-17,3.7645769991759015,1.860274485276585
2021-11-18,3.8622366483170487,1.866592639665338
2021-11-19,3.905207732214589,1.8632548632967407
2021-11-22,3.8496307344511274,1.8580094185657645
2021-11-23,3.8504226152657015,1.860472997030237
2021-11-24,3.893368446279591,1.8654402937304968
2021-11-26,3.80725642699929,1.8238349061498065
2021-11-29,3.9300702253164483,1.846207296574181
2021-11-30,3.8438648540763674,1.8102846456561992
2021-12-01,3.7892784529817973,1.7901775792488714
2021-12-02,3.792609414693955,1.8175961307318913
2021-12-03,3.7551010901086554,1.8017808035274636
2021-12-06,3.7743401942124057,1.823119723493584
2021-12-07,3.9409295496778283,1.860830909991131
2021-12-08,3.9203969211712137,1.865758066920076
2021-12-09,3.857097313908428,1.8531613833014318
2021-12-10,4.018068017760876,1.870606102184409
2021-12-13,3.9107307690427104,1.8540358385117832
2021-12-14,3.877536759411482,1.841279753685897
2021-12-15,4.052898107410973,1.8700494201636364
2021-12-16,3.8907931230696726,1.853558664114962
2021-12-17,3.8779322864191035,1.833831639003997
2021-12-20,3.884255957781888,1.814331557984699
2021-12-21,3.952798653393584,1.8465524728768696
2021-12-22,4.0003658721561255,1.8650154811507442
2021-12-23,4.028101266279627,1.8766193486949025
2021-12-27,4.133905084619592,1.9031778541162485
2021-12-28,4.101190989142893,1.9016226952840096
2021-12-29,4.10206809431896,1.9040552683482033
2021-12-30,4.062682749868421,1.8987914262220407
2021-12-31,4.058383715081516,1.8940060450238312
2022-01-03,4.074060441299359,1.9049724363921337
2022-01-04,4.0508812525771045,1.9043347029100517
2022-01-05,3.917238526586897,1.867767113935649
2022-01-06,3.883845868146054,1.8660122854717396
2022-01-07,3.8339947984880114,1.8586350586552074
2022-01-10,3.8068499815864945,1.8563223902925066
2022-01-11,3.8322625711377847,1.873230111081029
2022-01-12,3.851574617202817,1.8782946695348606
2022-01-13,3.7377575115701887,1.8524141660200253
2022-01-14,3.73269442393596,1.8531720615098268
2022-01-18,3.635596374557815,1.8203531669475501
2022-01-19,3.6006811292473473,1.8014511942514715
2022-01-20,3.5468165796136093,1.7815124061161962
2022-01-21,3.4934418436424175,1.7465405017046873
2022-01-24,3.517092348896646,1.7539578682925347
2022-01-25,3.450798727038565,1.7325435576020851
2022-01-26,3.5231240925369773,1.728196883519853
2022-01-27,3.5046785590753124,1.7196631938688574
2022-01-28,3.637156982579034,1.7623716532420375
2022-01-31,3.732420714597323,1.7941139785531415
2022-02-01,3.8082896747487993,1.8062367041027945
2022-02-02,3.855213343383739,1.823782801638965
2022-02-03,3.79279435898128,1.7809145550992032
2022-02-04,3.823352387192326,1.7892888435429566
2022-02-07,3.8195786168139314,1.7835466691419544
2022-02-08,3.8427204073922128,1.798221486497954
2022-02-09,3.8780438719779147,1.824540182516314
2022-02-10,3.795177427144901,1.7917610417660128
2022-02-11,3.754978691339164,1.756429937862478
2022-02-14,3.744638547118598,1.7506878921145888
2022-02-15,3.8073200774711977,1.778920560497874
2022-02-16,3.798797084740988,1.7809145550992034
2022-02-17,3.753022652356755,1.7428717008758527
2022-02-18,3.7311514292700525,1.7315863784399526
2022-02-22,3.6805285326980908,1.7130038514239245
2022-02-23,3.628230390214853,1.6826176585789545
2022-02-24,3.6745684785662416,1.7079391643169797
2022-02-25,3.745530104730103,1.745623205007644
2022-02-28,3.75631732424272,1.741156754877032
2022-03-01,3.733346819642081,1.7146386465332277
2022-03-02,3.80328143867044,1.7461814308657742
2022-03-03,3.804858979110383,1.7374882113544232
2022-03-04,3.83826474622502,1.723372134469007
2022-03-07,3.8148789767108156,1.672568306601469
2022-03-08,3.810430203303989,1.6598873551936855
2022-03-09,3.8322746109454995,1.7043902681896375
2022-03-10,3.83026636477711,1.6966939816523945
2022-03-11,3.776812610580183,1.6751203984078158
2022-03-14,3.6988781234928463,1.6628782827691229
2022-03-15,3.7431246338946456,1.6994457430904122
2022-03-16,3.791278945863604,1.7371292691686233
2022-03-17,3.8321019549311006,1.7588623822735576
2022-03-18,3.8755212076087737,1.778126770789492
2022-03-21,3.909201106503234,1.7776071408653185
2022-03-22,3.9484269002549843,1.7984076475527395
2022-03-23,3.9432739849594736,1.775246999503851
2022-03-24,4.020362742547463,1.802007618966018
2022-03-25,4.0456475287339275,1.810807877867543
2022-03-28,4.046109886887099,1.823688498906997
2022-03-29,4.082356101194539,1.8462487228766287
2022-03-30,4.088145458369509,1.8348486418637633
2022-03-31,4.050034349817842,1.8066076110281208
2022-04-01,4.030398818249777,1.8117278762799636
2022-04-04,4.0672043995520895,1.8272480732427339
2022-04-05,3.9759733936366093,1.8041673187771359
2022-04-06,3.925353429650405,1.786127193286316
2022-04-07,3.9745207490289722,1.7951275077788513
2022-04-08,3.911200020834911,1.7903272028195119
2022-04-11,3.791004644582094,1.7597265452348543
2022-04-12,3.7948402875475162,1.753206405458393
2022-04-13,3.867080257015437,1.7732868406712903
2022-04-14,3.8056536466497786,1.7512062355076303
2022-04-18,3.8445955409953894,1.751926306982154
2022-04-19,3.8926656496556804,1.7802070916297723
2022-04-20,3.878770988552141,1.7788871106884445
2022-04-21,3.782843146500648,1.752286021086633
2022-04-22,3.6896470651191073,1.7042050077066448
2022-04-25,3.6726725971161454,1.7140853094933988
2022-04-26,3.554829295836128,1.664443862503531
2022-04-27,3.562237852316709,1.6691242627613774
2022-04-28,3.7003584774728107,1.7112851744848214
2022-04-29,3.5309953681802293,1.6480435495934287
2022-05-02,3.5751112509128222,1.6579638624983846
2022-05-03,3.608127216323285,1.6655639165069616
2022-05-04,3.7438537449472244,1.716285406382058
2022-05-05,3.5942115691631646,1.6552837608444138
2022-05-06,3.5881124922132854,1.6454033304045468
2022-05-09,3.452969363557688,1.5927220676562293
2022-05-10,3.505476303924789,1.596402318612138
2022-05-11,3.4351285930204654,1.5710414450214767
2022-05-12,3.417592503055267,1.5694015037876459
2022-05-13,3.5146144062671816,1.6069226696370116
2022-05-16,3.51274169893239,1.6004024012074372
2022-05-17,3.577461674799643,1.6333231890353603
2022-05-18,3.3461994040401635,1.5674812274201744
2022-05-19,3.2817869417102914,1.557881132113948
2022-05-20,3.2725558519773,1.5585613211233826
2022-05-23,3.323748626384002,1.5877222217183327
2022-05-24,3.324808171831497,1.5756018119247173
2022-05-25,3.3588243900195236,1.5895218214656321
2022-05-26,3.458797439486341,1.6212829301312621
2022-05-27,3.564492848188633,1.6610837004932386
2022-05-31,3.5282391757053095,1.6517634257082003
2022-06-01,3.521555672387675,1.6384034431690009
2022-06-02,3.5459587344611037,1.6696040102204626
2022-06-03,3.5111409316052735,1.642203341520176
2022-06-06,3.4986408263393862,1.6472034447642996
2022-06-07,3.5715528438573423,1.6630037195544842
2022-06-08,3.5491427080351947,1.6449235829454625
2022-06-09,3.4785380637087395,1.605802486980468
2022-06-10,3.3605447717324086,1.5592413814797046
2022-06-13,3.224632981236064,1.500039592995586
2022-06-14,3.224713629118696,1.495519623169887
2022-06-15,3.258212963657074,1.5168402743939344
2022-06-16,3.1465569931944333,1.4666386717492381
2022-06-17,3.1093533120510233,1.469800450658992
2022-06-21,3.21059776529778,1.506800828706165
2022-06-22,3.160181573987225,1.5040688798475785
2022-06-23,3.1463581067853537,1.5188125266191348
2022-06-24,3.232112775446414,1.567101572083151
2022-06-27,3.2315977292668014,1.5611156000326538
2022-06-28,3.2128761317571604,1.5292174758014767
2022-06-29,3.1784810552638065,1.5279722423189122
2022-06-30,3.1164743897670415,1.5155583747741108
2022-07-01,3.1511147797498813,1.5315876521057734
2022-07-05,3.1732244628276223,1.5344801600496205
2022-07-06,3.185354820388177,1.5396628220613604
2022-07-07,3.2503280584601253,1.5627226060695083
2022-07-08,3.2641334068450494,1.5614371041625155
2022-07-11,3.2209229232195815,1.5435998646311961
2022-07-12,3.1522323513527017,1.5299408922569433
2022-07-13,3.136669377670014,1.5219057334195583
2022-07-14,3.1496492038003034,1.5182097867838404
2022-07-15,3.1980842217077967,1.5472155317242835
2022-07-18,3.175325588438627,1.5344402775845318
2022-07-19,3.2526633548775132,1.5758993865755255
2022-07-20,3.277032936375219,1.5859429491629171
2022-07-21,3.282767576949245,1.6020929031147515
2022-07-22,3.2167976533678626,1.5872285797230232
2022-07-25,3.2350663768328562,1.589157089889739
2022-07-26,3.1652298755086865,1.570355723928175
2022-07-27,3.3118830567004496,1.6111318135412436
2022-07-28,3.377137462758205,1.6313393580299724
2022-07-29,3.4496682144835757,1.6551224298404734
2022-08-01,3.434153643126154,1.6502210035341667
2022-08-02,3.409394569860383,1.6393339911367024
2022-08-03,3.453980711121662,1.6650051760363778
2022-08-04,3.428971440788355,1.663880361867759
2022-08-05,3.4254074765760993,1.661068133466542
2022-08-08,3.4212569862222164,1.6591398806060527
2022-08-09,3.4179955764920162,1.6525512973733743
2022-08-10,3.485000505809576,1.6872613926995417
2022-08-11,3.4815273177190336,1.6872613926995417
2022-08-12,3.533943992167288,1.7158253428492907
2022-08-15,3.53551708173054,1.722895731990865
2022-08-16,3.548117987220072,1.7262703031498345
2022-08-17,3.551960765015929,1.7140173806496337
2022-08-18,3.5795776950445997,1.7189988291923444
2022-08-19,3.527365752326427,1.6958989054128812
2022-08-22,3.4600320196426013,1.660585812945193
2022-08-23,3.4921951557170368,1.6565684908327267
2022-08-24,3.5019568453180274,1.6618717008115254
2022-08-25,3.554489386270921,1.6853332684921651
2022-08-26,3.4372048756269185,1.6282865483070899
2022-08-29,3.437658397658426,1.6175195692642317
2022-08-30,3.3735829374363715,1.599762737928656
2022-08-31,3.3404976054112008,1.5875900949710857
2022-09-01,3.346437770402461,1.5925716721669096
2022-09-02,3.3286306081956663,1.5757789672615787
2022-09-06,3.316105957904554,1.5698333922886232
2022-09-07,3.3496079976139224,1.598035441230969
2022-09-08,3.367089015443528,1.6084805301846261
2022-09-09,3.412963895788283,1.6334685670532634
2022-09-12,3.470405068620889,1.6510248281853759
2022-09-13,3.3220924025090244,1.5792338179631784
2022-09-14,3.3447446615058767,1.585260187091217
2022-09-15,3.309796606496016,1.5672621311684105
2022-09-16,3.282097717312132,1.5553057540941122
2022-09-19,3.3141148168884484,1.5673671121087736
2022-09-20,3.292469519729588,1.549375874800966
2022-09-21,3.228155659537528,1.5223489433944961
2022-09-22,3.2007989873964813,1.5095614672089914
2022-09-23,3.0971011834413127,1.4842690370745468
2022-09-26,3.0892730170881135,1.4695857286130767
2022-09-27,3.1005159904869313,1.4658342038324608
2022-09-28,3.1507759334509133,1.4946764306660392
2022-09-29,3.0821229554833534,1.4634539925853352
2022-09-30,3.0226889936866312,1.4408239099752413
2022-10-03,3.116416026861574,1.4788636765238752
2022-10-04,3.23432495444297,1.5246883716047397
2022-10-05,3.255677742764255,1.521138832211832
2022-10-06,3.2580087514652316,1.5054468833429533
2022-10-07,3.1770038278923542,1.4634539925853352
2022-10-10,3.109954599833514,1.4522800837454575
2022-10-11,3.0781014853867683,1.4430828013366286
2022-10-12,3.0843968175285412,1.4383228934548307
2022-10-13,3.1701279387355137,1.4762816085421548
2022-10-14,3.120205476488822,1.442639334055463
2022-10-17,3.1956516676524944,1.4797107286211169
2022-10-18,3.2323009570981367,1.497096653031366
2022-10-19,3.2381591855552276,1.4864877886646182
2022-10-20,3.215617713536754,1.4740229744869935
2022-10-21,3.332535389752905,1.509843860792442
2022-10-24,3.3846981885638794,1.5283190911120696
2022-10-25,3.391334441300541,1.552723943418617
2022-10-26,3.413874779844587,1.5410257731424908
2022-10-27,3.406372761512993,1.5327967340635287
2022-10-28,3.4987315185510437,1.5692630730378507
2022-10-31,3.4752791238595435,1.5579277045409199
2022-11-01,3.481662341382212,1.5511105047261031
2022-11-02,3.394648739883691,1.512183417655799
2022-11-03,3.3766144187677933,1.4966127886726583
2022-11-04,3.4074671743893883,1.5181538226796003
2022-11-07,3.4291252130943177,1.5326756714840173
2022-11-08,3.443329688753934,1.540945236293634
2022-11-09,3.360175359946582,1.5091985367766814
2022-11-10,3.5215432533718296,1.5921351521538547
2022-11-11,3.5714430894610434,1.607544964745508
2022-11-14,3.546378462141299,1.5938697820789935
2022-11-15,3.5856294661025854,1.6074640419373116
2022-11-16,3.565774534281281,1.5952008271880556
2022-11-17,3.5698925075042105,1.590319856726746
2022-11-18,3.578308659092386,1.5975405127045261
2022-11-21,3.5442613977979915,1.5917319532971177
2022-11-22,3.610661987564936,1.613151410112095
2022-11-23,3.6254406883992516,1.6233170645039037
2022-11-25,3.604810292023375,1.6229541340715952
2022-11-28,3.533696420029602,1.5970563910395925
2022-11-29,3.532157091307654,1.5943135066663852
2022-11-30,3.605579171674148,1.6445354365029654
2022-12-01,3.5993862786410773,1.6433251966671887
2022-12-02,3.55476060748332,1.6414294930443363
2022-12-05,3.4747888839358922,1.6119011591581163
2022-12-06,3.4116240339023607,1.5886660209566907
2022-12-07,3.404374245722154,1.5859631477016851
2022-12-08,3.4956625692531,1.5983875648017678
2022-12-09,3.497455684288009,1.5864473980197313
2022-12-12,3.579133878934385,1.6093196057888484
2022-12-13,3.6386175234473557,1.621501897729908
2022-12-14,3.61275427344361,1.6111346439097307
2022-12-15,3.518947163466384,1.5717235638276061
2022-12-16,3.4842283161075414,1.5531677966591215
2022-12-19,3.4740087441139362,1.5399971915025374
2022-12-20,3.47287323236615,1.5421045294965872
2022-12-21,3.5437079122103645,1.56516289832049
2022-12-22,3.4405440783315635,1.5428339926483736
2022-12-23,3.458887398102872,1.5517087417024353
2022-12-27,3.4139682346170814,1.5455897423329
2022-12-28,3.386138525862914,1.52638118926809
2022-12-29,3.45166947249987,1.5538564767740264
2022-12-30,3.467028143065138,1.549763763937231
2023-01-03,3.4342123469051047,1.5432392499549212
2023-01-04,3.4176475940743924,1.5551534288080933
2023-01-05,3.4032911109413564,1.5374038020468563
2023-01-06,3.4910989775467822,1.5726597725322882
2023-01-09,3.462607438871454,1.5717682064578826
2023-01-10,3.486939486421119,1.5827908192366489
2023-01-11,3.5347804904705433,1.6028097582614416
2023-01-12,3.564651848490983,1.6086452061695065
2023-01-13,3.5847772040964734,1.6148860400372325
2023-01-17,3.5737525625725537,1.6119275330463188
2023-01-18,3.5040455750767183,1.586478403420009
2023-01-19,3.4666943744343,1.5749290847958435
2023-01-20,3.527232673319967,1.6042685559119008
2023-01-23,3.5623646504413347,1.6235176347073654
2023-01-24,3.581537082542083,1.6217751569423222
2023-01-25,3.5768543002467035,1.6223831715552572
2023-01-26,3.6654818191351013,1.640213463818464
2023-01-27,3.639948167020192,1.643982099463134
2023-01-30,3.5814208733757105,1.6233554031316326
2023-01-31,3.6250029272743967,1.6472242865686313
2023-02-01,3.760700486646307,1.6647306302928262
2023-02-02,4.088078234039686,1.6889641166526048
2023-02-03,3.947358470371962,1.6710117325849807
2023-02-06,3.9388846819357997,1.6607998917255367
2023-02-07,4.039787306209693,1.682520782784718
2023-02-08,3.9567636076169728,1.6641227443330042
2023-02-09,3.911253622204828,1.6496959701792346
2023-02-10,3.827287551703078,1.6535457859383276
2023-02-13,3.9114417476200893,1.672956710350185
2023-02-14,3.9683155036443143,1.6721869787739703
2023-02-15,3.969941302418902,1.677617169375487
2023-02-16,3.8690678915331262,1.6545184034740428
2023-02-17,3.827207784872052,1.6503852935597059
2023-02-21,3.7416280090846366,1.617276929492752
2023-02-22,3.7442223575505977,1.615048142959851
2023-02-23,3.8931916369290573,1.6236393405524425
2023-02-24,3.834658045289367,1.6062948424446404
2023-02-27,3.854169372742013,1.611765558776812
2023-02-28,3.8906261895105376,1.6058084050236694
2023-03-01,3.8538662041524887,1.5996486226172528
2023-03-02,3.8844230544405494,1.6120898932751635
2023-03-03,4.041223947376679,1.637944151554908
2023-03-06,4.0194537204287055,1.6390787433601293
2023-03-07,3.9642679485110226,1.6139539482321712
2023-03-08,4.010151238207755,1.6165877347653936
2023-03-09,3.8917680584398506,1.5867619548814789
2023-03-10,3.873230176914663,1.5638659462864217
2023-03-13,3.8659646289020384,1.5616370311004077
2023-03-14,4.0321107932244695,1.5874508923026107
2023-03-15,4.000546488347143,1.5775228602108635
2023-03-16,4.127187934025373,1.6052006477169607
2023-03-17,4.039748105258328,1.5864314450336943
2023-03-20,4.089045277573074,1.6016862306239539
2023-03-21,4.146970240713048,1.6227168977308715
2023-03-22,4.1093088273177605,1.5950554491701492
2023-03-23,4.171139031259729,1.5993673869118201
2023-03-24,4.14331058221072,1.6098623932733946
2023-03-27,4.13227506176102,1.6128724901626974
2023-03-28,4.116171372597286,1.6092524488637616
2023-03-29,4.165877248441299,1.6326424854134676
2023-03-30,4.204496332914832,1.642202183642152
2023-03-31,4.261807671866675,1.6653484225423636
2023-04-03,4.278950986651311,1.6716942373504526
2023-04-04,4.263987077610891,1.6624195057674835
2023-04-05,4.20311384075984,1.6580669136420447
2023-04-06,4.264771680625105,1.6645346916014379
2023-04-10,4.254374306366034,1.6662433335977123
2023-04-11,4.20192115110383,1.6666907891253866
2023-04-12,4.174476326406531,1.6598975187896232
2023-04-13,4.263150620477334,1.6819450601031931
2023-04-14,4.2646871696133175,1.6778367802397018
2023-04-17,4.271789725429888,1.6838572313245337
2023-04-18,4.299782426202485,1.6849554142987222
2023-04-19,4.307024308988907,1.68467057630612
2023-04-20,4.246983908534069,1.675477153490687
2023-04-21,4.234990887717153,1.6767792516492814
2023-04-24,4.218693039110749,1.6785281620699841
2023-04-25,4.1277620446060554,1.6518835877159144
2023-04-26,4.239763382089752,1.644887045461311
2023-04-27,4.462026559500028,1.6776332510146355
2023-04-28,4.506758730354429,1.6919523425126652
2023-05-01,4.478394825396005,1.6902437005163908
2023-05-02,4.408152963345968,1.671246653169665
2023-05-03,4.3654812616379015,1.6597752983320924
2023-05-04,4.323009873235336,1.6480192341550308
2023-05-05,4.41575192216886,1.678528162069984
2023-05-08,4.414890487835262,1.6789758749038846
2023-05-09,4.398761754894236,1.6716129285829164
2023-05-10,4.413768856527056,1.6794232017784456
2023-05-11,4.400062404623615,1.676494542309792
2023-05-12,4.3807178863822624,1.674297533095849
2023-05-15,4.405025033544758,1.680074057878073
2023-05-16,4.386227332678957,1.6688467579962216
2023-05-17,4.441994331085561,1.6891048631584342
2023-05-18,4.50318749069402,1.7053761369960065
2023-05-19,4.502955838320492,1.702894804401914
2023-05-22,4.505444617515119,1.7035865721915358
2023-05-23,4.475791055846999,1.684467561693506
2023-05-24,4.496328372376735,1.6722637846825439
2023-05-25,4.5426136899825975,1.6867454937156454
2023-05-26,4.617523577859392,1.7085896344572624
2023-05-30,4.6158899055129154,1.7092408765162295
2023-05-31,4.587855972157082,1.6997627443613073
2023-06-01,4.663100437698809,1.7159120550475755
2023-06-02,4.691606909259205,1.74072615290718
2023-06-05,4.680300796183864,1.7373905636415068
2023-06-06,4.657826356019325,1.7411733511286278
2023-06-07,4.550008492193772,1.735153028696909
2023-06-08,4.598915008185892,1.7456484210178236
2023-06-09,4.609732901756108,1.748780352405317
2023-06-12,4.743396687141603,1.7646452110583226
2023-06-13,4.786776712592528,1.7762793120840803
2023-06-14,4.901093744248905,1.7783946265711479
2023-06-15,4.939568288533299,1.800442425190944
2023-06-16,4.900245403548592,1.7943096599382975
2023-06-20,4.942409508459438,1.7850005779741067
2023-06-21,4.8610367794827605,1.7758548854636669
2023-06-22,4.8931652350869355,1.7822651554814641
2023-06-23,4.849001756705053,1.7687913149370917
2023-06-26,4.7202310596415495,1.7615643549567654
2023-06-27,4.831067220236829,1.780876988390146
2023-06-28,4.819999168033064,1.7817752444264374
2023-06-29,4.80543371964404,1.788797774609905
2023-06-30,4.882663878878995,1.8099070487689815
2023-07-03,4.884959879204961,1.811989299405959
2023-07-05,4.890362396206467,1.8092944026439712
2023-07-06,4.857701140425807,1.7951264785539396
2023-07-07,4.85422135157104,1.790594415335601
2023-07-10,4.891137147322723,1.7951264785539398
2023-07-11,4.917663058934357,1.8065587228451023
2023-07-12,5.028665673861973,1.8210943375326305
2023-07-13,5.110305748594879,1.8355481288401698
2023-07-14,5.076134434407503,1.8344047886232515
2023-07-17,5.164063989277873,1.8407740182979413
2023-07-18,5.187167185966016,1.8544522886391723
2023-07-19,5.198451499060641,1.8585762641824728
2023-07-20,5.068080820204698,1.8462456352019052
2023-07-21,5.0039665511840346,1.8462456352019052
2023-07-24,5.013286240987499,1.8544930716760533
2023-07-25,5.084009808168472,1.8595558289863001
2023-07-26,5.0666917037288925,1.859841696203808
2023-07-27,5.127210722243745,1.8475111958763537
2023-07-28,5.233866982646837,1.86559918032528
2023-07-31,5.202871696975338,1.8691511641273386
2023-08-01,5.195581998993697,1.8638027969058104
2023-08-02,5.05325804465695,1.8378754636577743
2023-08-03,5.06418848314978,1.8326082765506688
2023-08-04,5.052913589184738,1.8243196710802998
2023-08-07,5.137165947177034,1.8402434528591465
2023-08-08,5.091490587437428,1.8322407146062853
2023-08-09,4.967185679191919,1.8199919090057066
2023-08-10,4.962928203495959,1.8206450808613717
2023-08-11,4.9073648971921005,1.819583435371329
2023-08-14,5.032197898212081,1.8296278985305128
2023-08-15,4.973279549814114,1.8083141945745775
2023-08-16,4.91327037606864,1.79504504113329
2023-08-17,4.869744873471981,1.7813666421389458
2023-08-18,4.84035647006346,1.782224115138356
2023-08-21,4.984059193414162,1.7938200061894962
2023-08-22,4.920762879192795,1.7889611640636554
2023-08-23,5.027846055698948,1.8088863149689325
2023-08-24,4.9713148910015486,1.7838165833734196
2023-08-25,4.935163141592079,1.796392296534614
2023-08-28,4.99265133004819,1.8077837577888956
2023-08-29,5.121899609663144,1.8339150062213379
2023-08-30,5.129381078728903,1.8414684878029401
2023-08-31,5.116950801953167,1.8387735910409526
2023-09-01,5.021432724669905,1.8422032257323677
2023-09-05,5.015231161049992,1.834241527822614
2023-09-06,4.947528178348893,1.8219107701889334
2023-09-07,4.934478257615161,1.8163170614805522
2023-09-08,4.930994748766544,1.8190527412794208
2023-09-11,4.970934262664348,1.8310161942749446
2023-09-12,4.910734350880683,1.8209717311157605
2023-09-13,4.983682372402573,1.8230950220958455
2023-09-14,5.025192599900819,1.8388143740778335
2023-09-15,4.906135832625918,1.8166597933740896
2023-09-18,4.90920900488196,1.8177251698044146
2023-09-19,4.873490497633111,1.813955633587952
2023-09-20,4.758721408202934,1.7972789737907184
2023-09-21,4.610725633638676,1.7675730986082965
2023-09-22,4.65338520354443,1.7635987466356358
2023-09-25,4.704297570255726,1.7710150839985774
2023-09-26,4.600493517230338,1.7449965356932895
2023-09-27,4.634274911641332,1.7456930636480994
2023-09-28,4.688471097569098,1.7558135607971788
2023-09-29,4.688352162721748,1.7515525696883312
2023-10-02,4.701631345893552,1.750855784427295
2023-10-03,4.666855086947736,1.7274187894912745
2023-10-04,4.66718713509706,1.7399977189802984
2023-10-05,4.639721716412027,1.739342102715483
2023-10-06,4.635345512383791,1.759992857179151
2023-10-09,4.683326862101812,1.7712608114447703
2023-10-10,4.688972742509623,1.7804799648828413
2023-10-11,4.679263672457187,1.7877733098695738
2023-10-12,4.659572637247756,1.7768742040794698
2023-10-13,4.707096118174311,1.7680237704638009
2023-10-16,4.732876988116008,1.786625981406147
2023-10-17,4.755428209279406,1.7865439007199317
2023-10-18,4.74466908958729,1.7627380573083962
2023-10-19,4.719960089014051,1.7472500236239235
2023-10-20,4.635789382587191,1.7257797488292361
2023-10-23,4.609323834859177,1.722788435294459
2023-10-24,4.61811554144207,1.7357772536021057
2023-10-25,4.500288931367587,1.7108652507233637
2023-10-26,4.45820147155193,1.6903781430196734
2023-10-27,4.386518477078436,1.682716206863652
2023-10-30,4.448414941748373,1.702834337438714
2023-10-31,4.4464132744403155,1.7135287561257329
2023-11-01,4.534843421605639,1.7318027729763315
2023-11-02,4.5749169956549025,1.764991673892142
2023-11-03,4.5982338202627515,1.781094540804549
2023-11-06,4.65491355217659,1.7851917565003061
2023-11-07,4.712481420100594,1.7902726538995126
2023-11-08,4.714916362562599,1.7915837577760305
2023-11-09,4.682859677169722,1.777611772377387
2023-11-10,4.792623465905445,1.8053509274184758
2023-11-13,4.76685693531744,1.8036300633764484
2023-11-14,4.848283099898251,1.8386219090205016
2023-11-15,4.843114933418255,1.8425144376131737
2023-11-16,4.835298994477535,1.8447680541969202
2023-11-17,4.83176320561806,1.8470625824706612
2023-11-20,4.883303669130244,1.8612804239686107
2023-11-21,4.852730366986514,1.8572239913097348
2023-11-22,4.906153658716788,1.8643943439202575
2023-11-24,4.901196792916284,1.8655415437305716
2023-11-27,4.919468423482732,1.8621817676796186
2023-11-28,4.929018719648864,1.8640256240978557
2023-11-29,4.8912685756343235,1.8627143915682247
2023-11-30,4.900990370554547,1.8700487768980645
2023-12-01,4.908304632024264,1.8811119154074856
2023-12-04,4.893917393179084,1.871237145704599
2023-12-05,4.943540379141445,1.8708682972290838
2023-12-06,4.91543042594757,1.8633292247961588
2023-12-07,4.945948734492453,1.877547194947221
2023-12-08,4.979346653827714,1.885619019921865
2023-12-11,4.984720915422436,1.8929530192923654
2023-12-12,5.0273164401707335,1.9015987658049494
2023-12-13,5.077445983555363,1.9278221298664353
2023-12-14,5.050698752789241,1.9340091867328482
2023-12-15,5.129497157869323,1.9308248935282863
2023-12-18,5.176634897908996,1.941685789343773
2023-12-19,5.196324682350921,1.953493057459884
2023-12-20,5.126478703097288,1.9264227699542693
2023-12-21,5.150965424149247,1.9446890676180768
2023-12-22,5.159105982343854,1.9485971632374448
2023-12-26,5.169145136039744,1.9568251730915014
2023-12-27,5.189597198344787,1.9603633910104485
2023-12-28,5.196375739561448,1.9611039183299694
2023-12-29,5.179321864695036,1.9554267137511279
2024-01-02,5.112029270582418,1.9444832226369733
2024-01-03,5.056479360539371,1.9286034402228376
2024-01-04,5.070341469112762,1.9223910386931264
2024-01-05,5.109641841943315,1.925024181960783
2024-01-08,5.174331565449019,1.9525056448161524
2024-01-09,5.179595428936823,1.9495432782318431
2024-01-10,5.238101591667419,1.9605691073384393
2024-01-11,5.254879783317472,1.9597052016833694
2024-01-12,5.290402374999337,1.961062877986862
2024-01-16,5.262586292443343,1.9538634497727583
2024-01-17,5.250686223507522,1.9430024253041585
2024-01-18,5.334777338692288,1.9602809243648942
2024-01-19,5.4770728638899735,1.984718325909079
2024-01-22,5.475168438050195,1.988914475848879
2024-01-23,5.475209231995977,1.9947150587632696
2024-01-24,5.535596486743383,1.9968958576849505
2024-01-25,5.524515828596994,2.007756753500437
2024-01-26,5.508589186381661,2.0052059482252216
2024-01-29,5.5652535859870484,2.0210858592924708
2024-01-30,5.592949861522319,2.0195228526203275
2024-01-31,5.496048239274543,1.986569258248541
2024-02-01,5.5902176207829415,2.0125699237710957
2024-02-02,5.981892506294277,2.033757033063652
2024-02-05,6.030995001096601,2.0263518885215577
2024-02-06,5.965897610476396,2.032235195387729
2024-02-07,6.11652337924257,2.0491847284380382
2024-02-08,6.138703565872543,2.0500898030893286
2024-02-09,6.196287768990352,2.0619382402016604
2024-02-12,6.176995063334597,2.0610330368972565
2024-02-13,6.111774673883661,2.032646370737483
2024-02-14,6.22288089849481,2.0511182560761676
2024-02-15,6.240602555006112,2.0652704844863905
2024-02-16,6.179835984778482,2.054985697311768
2024-02-20,6.087602342380624,2.04367181388474
2024-02-21,6.029332949699174,2.0455232608366547
2024-02-22,6.453676009746844,2.087856310425547
2024-02-23,6.44964620841598,2.089296324721481
2024-02-26,6.479727686983684,2.0816439088958356
2024-02-27,6.472221312302268,2.0855113501314357
2024-02-28,6.439375181241321,2.082754957181343
2024-02-29,6.494793382144715,2.0902423110627653
2024-03-01,6.735428474738852,2.109866027723839
2024-03-04,6.807789581597162,2.107603276769056
2024-03-05,6.72465736996942,2.0865398031182747
2024-03-06,6.836771395774385,2.0971127732664425
2024-03-07,7.068198573342042,2.1179297475523517
2024-03-08,6.690171744091534,2.1052172761318366
2024-03-11,6.536338395387107,2.103407255482369
2024-03-12,6.758506895855279,2.1260343790708593
2024-03-13,6.674905810141934,2.1227016201736766
2024-03-14,6.6089830582391755,2.1185054702338766
2024-03-15,6.531697815937403,2.103958791378614
2024-03-18,6.602231475724515,2.1164628447557616
2024-03-19,6.619818892394526,2.128224183710464
2024-03-20,6.7461728196887965,2.1479090106003023
2024-03-21,6.872838959048265,2.1550069315080993
2024-03-22,6.921645386425162,2.150921680551869
2024-03-25,6.900994746916164,2.1449789359474036
2024-03-26,6.806614615252539,2.141017320632949
2024-03-27,6.74341691167618,2.1590099731250016
2024-03-28,6.716822947013657,2.1585972539378884
2024-04-01,6.767119592799974,2.1548419982169897
2024-04-02,6.772380305095419,2.1411413422340635
2024-04-03,6.762603585004896,2.1434933784494
2024-04-04,6.649651405897897,2.117329580779321
2024-04-05,6.75031014239573,2.139448910530051
2024-04-08,6.756938891682678,2.1406457704420565
2024-04-09,6.739048434183947,2.1431218282585083
2024-04-10,6.767183882102379,2.1216626176315554
2024-04-11,6.866118803396273,2.1376746554460504
2024-04-12,6.670962411153386,2.1081680639359592
2024-04-15,6.5906470074544545,2.081756866329216
2024-04-16,6.580384417699581,2.077960055652757
2024-04-17,6.5207929108151435,2.0656619759098267
2024-04-18,6.5478727965308465,2.0614115343562607
2024-04-19,6.423832351408021,2.043418753211095
2024-04-22,6.556897729082141,2.0622369727304863
2024-04-23,6.66756825465848,2.0867087246558924
2024-04-24,6.62962818797843,2.0857182243374437
2024-04-25,6.664819490227472,2.0777948650554205
2024-04-26,6.892830859470084,2.0974798205983727
2024-04-29,6.857809375612846,2.1049078653946145
2024-04-30,6.759842067292292,2.071563422864957
2024-05-01,6.671718340606678,2.0648367948418263
2024-05-02,6.782191499894567,2.0841502001938856
2024-05-03,6.870248789808488,2.109984131281746
2024-05-06,6.983985487963138,2.131773465797144
2024-05-07,7.012274652057193,2.1341255020124805
2024-05-08,6.972125498707732,2.1343316042998106
2024-05-09,7.0160473047916705,2.146629684042741
2024-05-10,7.036122289751641,2.1493950827107566
2024-05-13,7.0237796685093405,2.149683265684302
2024-05-14,7.071715584529553,2.159546199300775
2024-05-15,7.192040960279316,2.1862880354084164
2024-05-16,7.207307856451123,2.1817898079588467
2024-05-17,7.224139063698422,2.1849266281646416
2024-05-20,7.256877756393096,2.1874435976710873
2024-05-21,7.283619740790655,2.1928086897973302
2024-05-22,7.225741595229996,2.186494652308199
2024-05-23,7.321859275054513,2.170523912143038
2024-05-24,7.413458259735062,2.184884944555968
2024-05-28,7.589169204536288,2.186411799703305
2024-05-29,7.563349319955379,2.1711013073150345
2024-05-30,7.4780574773623485,2.1566987199465446
2024-05-31,7.50501954116673,2.176342635146389
2024-06-03,7.634271210698075,2.1781172761897296
2024-06-04,7.696189214252643,2.180551650397508
2024-06-05,7.84443658795334,2.206467790824697
2024-06-06,7.8417849254525755,2.2064268791347024
2024-06-07,7.845955483383305,2.203744461724694
2024-06-10,7.837877368500815,2.2105532990871533
2024-06-11,7.986499787460261,2.2158772222171756
2024-06-12,8.124101845725693,2.2340762343027847
2024-06-13,8.17231814373563,2.2385742044461283
2024-06-14,8.233875928260824,2.2399363836085824
2024-06-17,8.295006679851799,2.257763845503299
2024-06-18,8.326686931136281,2.263500230514208
2024-06-20,8.202725446318928,2.2573513836224124
2024-06-21,8.120428896022041,2.2543249477877345
2024-06-24,7.986101742620771,2.2469971237666675
2024-06-25,8.200801866419098,2.2556498175473636
2024-06-26,8.248349128502124,2.258465004970184
2024-06-27,8.219440340438222,2.2620253512245996
2024-06-28,8.136821716375277,2.2531240996292206
2024-07-01,8.262608933775855,2.257761272441035
2024-07-02,8.315464915213786,2.272955205108756
2024-07-03,8.519104367512115,2.283098731165096
2024-07-05,8.547349035005036,2.2962643188502656
2024-07-08,8.637346509917611,2.2989138010632972
2024-07-09,8.68296703850399,2.301149277558084
2024-07-10,8.821632154733301,2.3239201066740076
2024-07-11,8.53396737816124,2.3038816123760104
2024-07-12,8.580273032074123,2.3184137534294824
2024-07-15,8.636898260468188,2.324789544412945
2024-07-16,8.54989128084247,2.3385760120223686
2024-07-17,8.151433529216359,2.3057867076761256
2024-07-18,8.184955000465628,2.2880667997840356
2024-07-19,8.091987025542176,2.272872095197636
2024-07-22,8.278425329746442,2.296305745152713
2024-07-23,8.308403466460025,2.2927039725958505
2024-07-24,7.8450593987520945,2.240745611690547
2024-07-25,7.714080579451892,2.229070598974795
2024-07-26,7.759039184322537,2.254035220976832
2024-07-29,7.747659516167745,2.255360090736461
2024-07-30,7.538494311978637,2.2439333785291655
2024-07-31,8.039836780548862,2.280407308037166
2024-08-01,7.761783001625055,2.248114862014062
2024-08-02,7.649417607334778,2.2062586008626517
2024-08-05,7.458929072360187,2.142004218664229
2024-08-06,7.507036967912418,2.16175285749821
2024-08-07,7.456285426599769,2.1473033117434057
2024-08-08,7.686489819094512,2.196943086242802
2024-08-09,7.77814558707229,2.2066309229722236
2024-08-12,7.802871384771856,2.2077903448282905
2024-08-13,7.933244801437442,2.244098569126502
2024-08-14,7.996989863312249,2.251178607251566
2024-08-15,8.155871465363171,2.289764248959464
2024-08-16,8.176614357759355,2.294898022788191
2024-08-19,8.220081032158488,2.316840325855172
2024-08-20,8.126801634009734,2.3130728480885208
2024-08-21,8.111546519000857,2.3210223239525214
2024-08-22,8.087574623978407,2.3028053004310656
2024-08-23,8.202145418591163,2.327273321416189
2024-08-26,8.17411443804203,2.3217255418692164
2024-08-27,8.194402031031581,2.324913823320287
2024-08-28,8.129955044363637,2.3114168252155403
2024-08-29,8.180040195146567,2.3116236994215495
2024-08-30,8.266221730865112,2.3336905387020983
2024-09-03,8.009348152909581,2.2856653607732347
2024-09-04,8.026799431095002,2.280987018965199
2024-09-05,7.99911262581032,2.2754394967244527
2024-09-06,7.709567886188731,2.2371433245212318
2024-09-09,7.847110518019168,2.2621913137406158
2024-09-10,7.836348108322344,2.272044341067373
2024-09-11,8.021321555226132,2.295353197502657
2024-09-12,8.128496043509827,2.3146877019652794
2024-09-13,8.144412759193292,2.3267764630930503
2024-09-16,8.060503700101581,2.3302130450525778
2024-09-17,8.035786151912164,2.3311650780901827
2024-09-18,8.034886013191741,2.3242512597873604
2024-09-19,8.23467871797895,2.363913728052658
2024-09-20,8.294130975561083,2.359826933259069
2024-09-23,8.327238707087423,2.3657241346614652
2024-09-24,8.324584143108575,2.372493089558836
2024-09-25,8.325637126571383,2.3672605101391784
2024-09-26,8.346634858583762,2.3766457547463773
2024-09-27,8.256381186292684,2.373198880537795
2024-09-30,8.298691523775723,2.3827086613585617
2024-10-01,8.24030579945047,2.3613635660430083
2024-10-02,8.29897000581877,2.3623601130577767
2024-10-03,8.357941518136908,2.35804148535422
2024-10-04,8.511718296855383,2.379469690580894
2024-10-07,8.414338008137058,2.3579583754430993
2024-10-08,8.49423610418243,2.3802588487772005
2024-10-09,8.583376300203364,2.3967452306200263
2024-10-10,8.56988205582316,2.392550881823811
2024-10-11,8.538005953553718,2.4068779498148585
2024-10-14,8.592760774224523,2.4265626480515836
2024-10-15,8.462179419407825,2.4077087916198385
2024-10-16,8.42479186784287,2.418173693152927
2024-10-17,8.47935738665728,2.418381339277615
2024-10-18,8.478551278033887,2.427684245892373
2024-10-21,8.489499028720095,2.423697028608393
2024-10-22,8.512976952908081,2.422409468251589
2024-10-23,8.322740131056696,2.4002749574335027
2024-10-24,8.298458159171428,2.4054663678569397
2024-10-25,8.344245692090892,2.4046355260519596
2024-10-28,8.357934870989133,2.4120693602382954
2024-10-29,8.474226609362445,2.4159729529987017
2024-10-30,8.395185340140042,2.408664169638387
2024-10-31,8.174272615991843,2.361446675954129
2024-11-01,8.352859847353088,2.3714131753267202
2024-11-04,8.2856112970581,2.366305389426857
2024-11-05,8.405975458722715,2.394918099106505
2024-11-06,8.897967841506778,2.4544690521398205
2024-11-07,8.936993468526403,2.47344770209136
2024-11-08,8.874348516726261,2.4841619333578104
2024-11-11,8.870956105578392,2.486528893334277
2024-11-12,8.957530144676387,2.478804560418359
2024-11-13,8.963832031523088,2.4800090108640425
2024-11-14,8.909171462643437,2.464062200177935
2024-11-15,8.735690168965824,2.432501018450202
2024-11-18,8.730817220632714,2.4424680324352455
2024-11-19,8.886977222099594,2.4513960438781677
2024-11-20,8.803460603397255,2.4522268856831477
2024-11-21,8.69836289119141,2.465390929530959
2024-11-22,8.61101131309918,2.4730318952295307
2024-11-25,8.621199093757495,2.481420850128188
2024-11-26,8.720182875974901,2.4943777624637637
2024-11-27,8.672638813435634,2.48681939206386
2024-11-29,8.733383859927386,2.5022680578956966
2024-12-02,8.745672032834264,2.506752648115268
2024-12-03,8.803044896142195,2.507915672258504
2024-12-04,8.935168844951741,2.5234886169976822
2024-12-05,8.958130502388201,2.5193354371976877
2024-12-06,9.024230067412025,2.5241115553717477
2024-12-09,8.91422068978371,2.511113474039951
2024-12-10,8.847640696348114,2.503306031212912
2024-12-11,8.977356665140455,2.522658289805155
2024-12-12,8.900399369379732,2.509659951167132
2024-12-13,8.823176276974177,2.5091618063128607
2024-12-16,8.84379112440955,2.5198757802730847
2024-12-17,8.764642891537804,2.5094937313448904
2024-12-18,8.526869030573916,2.4347022732168795
2024-12-19,8.584917524842945,2.4339542840167936
2024-12-20,8.707714751441667,2.4631883882331485
2024-12-23,8.787137599405485,2.4779387249665907
2024-12-24,8.891462998756127,2.5054812980507255
2024-12-26,8.86885715110809,2.5056480324854196
2024-12-27,8.734275741676303,2.4792723431379167
2024-12-30,8.66062505267208,2.450979465097659
2024-12-31,8.56813680250888,2.4420630324349237
2025-01-02,8.52280701375612,2.4360629085419756
2025-01-03,8.588717150232851,2.466521790395898
2025-01-06,8.728455188474461,2.4807304975228104
2025-01-07,8.563862200655667,2.4526882357470465
2025-01-08,8.55779388019486,2.4562714822556098
2025-01-10,8.407781905509303,2.418770643598128
2025-01-13,8.379340428218331,2.422520881847612
2025-01-14,8.342326929921086,2.4258542840103607
2025-01-15,8.532299180227891,2.4699802433846667
2025-01-16,8.404826018760106,2.4652303704456977
2025-01-17,8.578142042592473,2.4899811709736133
2025-01-21,8.60332450585057,2.5127730992001
2025-01-22,8.663752737918879,2.5268986964158917
2025-01-23,8.65596447005178,2.540690310149843
2025-01-24,8.706392311837618,2.533273458174448
2025-01-27,8.31086788668088,2.4974394492514542
2025-01-28,8.502453654996232,2.5188982739190675
2025-01-29,8.493471502549061,2.5076063901743946
2025-01-30,8.61113545881926,2.521064792345184
2025-01-31,8.705769329519086,2.507648073783068
2025-02-03,8.69578400782038,2.4907726449259564
2025-02-04,8.824091695895175,2.5074815966546007
2025-02-05,8.632172043757572,2.517648280271315
2025-02-06,8.732953507333995,2.526398493111809
2025-02-07,8.572218386359035,2.5032730960159344
2025-02-10,8.59425159550826,2.5202733183928405
2025-02-11,8.615998081051941,2.522189992473143
2025-02-12,8.580980602915902,2.5140650337627513
2025-02-13,8.64021454500725,2.5406069429324956
2025-02-14,8.639963522775941,2.5404821494127012
2025-02-18,8.57048194160898,2.5479406849967696
2025-02-19,8.54473857877485,2.5539408088897173
2025-02-20,8.378860359791906,2.5433158628838206
2025-02-21,8.209902055164282,2.4998143857209385
2025-02-24,8.099715879268842,2.4884388774526927
2025-02-25,7.994561405952798,2.4760639918011877
2025-02-26,8.038507946267048,2.4773137281427138
2025-02-27,7.892599568306148,2.4377711645789093
2025-02-28,8.011524444273887,2.4758138901491464
2025-03-03,7.906693728418072,2.4324377211185113
2025-03-04,7.74634438207759,2.4036454116928505
2025-03-05,7.824847590929131,2.4294792141275976
2025-03-06,7.658139529357166,2.3863534040552294
2025-03-07,7.532362600585785,2.399728439008672
2025-03-10,7.2212124844691585,2.3358104847012404
2025-03-11,7.160305421714466,2.316392870327497
2025-03-12,7.153701264919429,2.3286849033741075
2025-03-13,6.9184502613701975,2.2976424509987563
2025-03-14,7.0826401536356585,2.3451020698420373
2025-03-17,7.1152101220879524,2.363186066044455
2025-03-18,7.0099289893612715,2.33764353425797
2025-03-19,7.078642034983722,2.363102698827108
2025-03-20,7.057474683379462,2.3562691600669163
2025-03-21,7.169352260777881,2.357046224870583
2025-03-24,7.338261473013487,2.3992575686143978
2025-03-25,7.416541566674879,2.4050250876786987
2025-03-26,7.351007267374259,2.3763133151018945
2025-03-27,7.341472884814374,2.3700023652874798
2025-03-28,7.157229027510021,2.322274633356311
2025-03-31,7.2327052817682205,2.337863273775298
2025-04-01,7.2715233744874945,2.3444667807691064
2025-04-02,7.302092920221499,2.3593033150883858
2025-04-03,7.039535410492205,2.243034865186648
2025-04-04,6.6265214521603255,2.1117210769629238
2025-04-07,6.612857704560991,2.1079597745457055
2025-04-08,6.582625046963606,2.074943140148456
2025-04-09,7.06630819724149,2.2928524382884725
2025-04-10,6.870831415421478,2.192381818767769
2025-04-11,7.025136216744076,2.231500084364273
2025-04-14,7.044498559575591,2.2531488010269545
2025-04-15,7.013867264022634,2.2468378512125398
2025-04-16,6.925283906212993,2.1968952272846947
2025-04-17,7.018380031377887,2.200029731734452
2025-04-21,6.864032382328557,2.147663154500997
2025-04-22,7.036785757901797,2.2035404178871763
2025-04-23,7.091394966702741,2.2376852114339876
2025-04-24,7.20035085189219,2.284786145397695
2025-04-25,7.215584304562179,2.3012946555759894
2025-04-28,7.213507656687085,2.3021720698079444
2025-04-29,7.256936841819476,2.3166743633391564
2025-04-30,7.218340019297394,2.317593718486011
2025-05-01,7.4264976192004575,2.334018346834506
2025-05-02,7.590899779564187,2.368665144828984
2025-05-05,7.58034772430567,2.3550822064446266
2025-05-06,7.528939010098219,2.3353975082079015
2025-05-07,7.568331053293254,2.3452191441750405
2025-05-08,7.648727183716755,2.3615598906937354
2025-05-09,7.652907544181826,2.3585512089886778
2025-05-12,7.889769294398141,2.4364951830022923
2025-05-13,7.974956906646179,2.4525855705627198
2025-05-14,7.99424056042658,2.4557200750124775
2025-05-15,8.05530075102878,2.467714662061393
2025-05-16,8.056620557546495,2.48334524339528
2025-05-19,8.09134765396469,2.4860616252271703
2025-05-20,8.108430844552318,2.477703032463226
2025-05-21,8.008667171182415,2.435951494945952
2025-05-22,8.008931255513243,2.436913048313933
2025-05-23,7.9539790104478,2.420279487309618
2025-05-27,8.113902427934383,2.47059829294043
2025-05-28,8.10874739136389,2.4563051893712644
2025-05-29,8.134069940925865,2.466001002593704
2025-05-30,8.198825730532214,2.4632429371531397
2025-06-02,8.30147074927463,2.4771184327168907
2025-06-03,8.444522470445202,2.491244029932683
2025-06-04,8.477605288039305,2.4905752910503223
2025-06-05,8.438647242453584,2.478538763086507
2025-06-06,8.40182873029382,2.5039909803875333
2025-06-09,8.411341329027819,2.5062478132991095
2025-06-10,8.440485913902034,2.5204575496509283
2025-06-11,8.499571572530737,2.5132689282983325
2025-06-12,8.58721717240527,2.5232575560063917
2025-06-13,8.436709897250532,2.495047530571028
2025-06-16,8.567583250749175,2.518785573791913
2025-06-17,8.524378583532148,2.4972624225677045
2025-06-18,8.605555210002011,2.496885983558511
2025-06-20,8.571058949019358,2.491022231965544
2025-06-23,8.672304998169988,2.5156271398631023
2025-06-24,8.85546333122646,2.543417756149467
2025-06-25,8.990595409411807,2.544842975337384
2025-06-26,9.108579332660604,2.564753331134644
2025-06-27,9.121924125478301,2.577495907383646
2025-06-30,9.20317175707347,2.589819331789875
2025-07-01,8.960193159365796,2.5889812854105565
2025-07-02,9.03960407921316,2.60071805162064
2025-07-03,9.166743045031664,2.6212153229202726
2025-07-07,9.135345620006126,2.6016816634384323
2025-07-08,9.143251269056242,2.600256958862968
2025-07-09,9.30581963540901,2.615849716181577
2025-07-10,9.275347857147418,2.623226942998109
2025-07-11,9.255830435672154,2.614005602457114
2025-07-14,9.263810925784954,2.6189934836554847
2025-07-15,9.38133501916854,2.6078016920328735
2025-07-16,9.363832949394178,2.616520256207523
2025-07-17,9.456270724876692,2.632532422675131
2025-07-18,9.42459184379818,2.630604427120868
2025-07-21,9.48013146626241,2.6355925656254646
2025-07-22,9.29148439503458,2.635969776553337
2025-07-23,9.417820712974988,2.658395043407232
2025-07-24,9.527635093791032,2.6592752880076773
2025-07-25,9.54260259346119,2.670509020545188
2025-07-28,9.632112789758143,2.669838480519242
2025-07-29,9.581918673948119,2.6627965237156825
2025-07-30,9.661859170134946,2.659443051667276
2025-07-31,9.934121521321515,2.6494667746580824
2025-08-01,9.584298722338751,2.6060409455257556
2025-08-04,9.764416053636522,2.6456524671582295
2025-08-05,9.689807157788767,2.6322390935770565
2025-08-06,9.86196152800981,2.6524010948637162
2025-08-07,9.887431538333436,2.650179512905154
2025-08-08,9.92448892569766,2.6708442905581595
2025-08-11,9.890322393161398,2.66556282295549
2025-08-12,10.015216026648874,2.693940354744227
2025-08-13,9.95778442363478,2.703162209897675
2025-08-14,10.06117206032704,2.7034135980808482
2025-08-15,9.989380194442838,2.697084122218134
2025-08-18,9.996475222377237,2.6964974640219883
2025-08-19,9.747333597634807,2.681868318521171
2025-08-20,9.648853378571657,2.674742479887812
2025-08-21,9.606917697171642,2.6640120383290995
2025-08-22,9.773521627589306,2.704922699098565
2025-08-25,9.7765011415588,2.6930181692288824
2025-08-26,9.832038883035159,2.7042938426812935
2025-08-27,9.875633514789701,2.710455554884408
2025-08-28,9.966116805353057,2.720054363659502
2025-08-29,9.730063133581861,2.7038327499236208
2025-09-02,9.681514939313704,2.683796828687887
2025-09-03,9.93464195461289,2.6983415777464517
2025-09-04,10.012559454413136,2.720892924651273
2025-09-05,9.892342637593824,2.7130124068559422
2025-09-08,9.86745504232017,2.719677410037855
2025-09-09,9.949338829623885,2.7259646876794426
2025-09-10,9.928374839585521,2.733844948168547
2025-09-11,10.009804833988966,2.7565640587329683
2025-09-12,10.069734521348735,2.7556413586051707
2025-09-15,10.231619915834331,2.770312445020888
2025-09-16,10.298164259186606,2.7664981375210353
2025-09-17,10.325547438660177,2.7630610409490552
2025-09-18,10.321224527608067,2.7759711235514297
2025-09-19,10.419048753862862,2.7897202817580284
2025-09-22,10.471074420441848,2.8029185473339484
2025-09-23,10.492804072322135,2.7876608027220855
2025-09-24,10.443578418429135,2.7787914570987775
2025-09-25,10.500227201556,2.765971688981862
2025-09-26,10.552703561056562,2.7818181502396815
2025-09-29,10.444814756177989,2.7896361426220024
2025-09-30,10.390501537612883,2.800144271601123
2025-10-01,10.454689990543402,2.809685958393961
2025-10-02,10.540894472429397,2.812922098803138
2025-10-03,10.530131336250173,2.8128804151944644
2025-10-06,10.51947732539485,2.82296810579968
2025-10-07,10.468408888671268,2.8125019177354598
2025-10-08,10.600670535588094,2.8292731375708877
2025-10-09,10.570716385042603,2.8210766477295626
2025-10-10,10.139903978254,2.744829093666469
2025-10-13,10.567673934416456,2.786946006025202
2025-10-14,10.373514399942302,2.783541330037746
2025-10-15,10.50028293407927,2.795898976172084
2025-10-16,10.534855222253025,2.776858315419987
2025-10-17,10.590221381483383,2.7926206375417806
2025-10-20,10.719544129095434,2.8216651070692937
2025-10-21,10.589137590875286,2.8216229088481675
2025-10-22,10.5275244893747,2.806953623576035
2025-10-23,10.61187070969317,2.823598763360537
2025-10-24,10.85222189145032,2.846674757660947
2025-10-27,11.148507734089373,2.8802588809404766
2025-10-28,11.354765266377939,2.887908852356971
2025-10-29,11.621390691888044,2.889295990223384
2025-10-30,11.583001753548066,2.857519185877945
2025-10-31,11.504916180221022,2.8668925943987307
2025-11-03,11.57684109008275,2.8722728675923297
2025-11-04,11.386424107332306,2.838226107717769
2025-11-05,11.52390447787266,2.848061895527359
2025-11-06,11.414765370410066,2.8175039507762807
2025-11-07,11.308335192974887,2.82027796920288
2025-11-10,11.554106487190717,2.8642865969379567
2025-11-11,11.584865447553948,2.8708435315047907
2025-11-12,11.490257916691004,2.8724408885581556
2025-11-13,11.202127428077826,2.824775424733771
2025-11-14,11.16123327112307,2.824313302751193
2025-11-17,11.17735598199929,2.7980006534291535
2025-11-18,11.028523481687246,2.7745044780610657
2025-11-19,11.237248156548754,2.7852228262271383
2025-11-20,11.050590669835683,2.742769614630527
2025-11-21,11.19484399353854,2.770090904359975
2025-11-24,11.798746489335906,2.810862619767195
2025-11-25,11.954336115262267,2.8373013491401613
2025-11-26,12.019045557836476,2.8568887856233154
2025-11-28,12.123241145383531,2.8724828294730567
2025-12-01,12.01096221147329,2.859368703033163
2025-12-02,11.985250410770895,2.864664837090736
2025-12-03,12.055442419966784,2.8745845067301263
2025-12-04,11.986336848568367,2.8766861839871956
2025-12-05,12.057358426184328,2.8821503390105945
2025-12-08,12.048224367352633,2.8734917271866913
2025-12-09,12.170715006684238,2.8710115524706175
2025-12-10,12.301532886170241,2.8900527278351675
2025-12-11,12.16938772505962,2.896777683367827
2025-12-12,11.775543496631856,2.8656315365832445
2025-12-15,11.530419525121994,2.86130210201818
2025-12-16,11.457491661196407,2.8534841096358594
2025-12-17,11.27651688606867,2.8220855454431986
2025-12-18,11.347170632574837,2.8433959044181907
2025-12-19,11.500450760808913,2.869166924133701
2025-12-22,11.547307960565442,2.887041473067845
2025-12-23,11.70227273991684,2.900236650969048
2025-12-24,11.718066099202948,2.910438585538776
2025-12-26,11.721543656626658,2.910143455297119
2025-12-29,11.738003180882144,2.8997727278428855
2025-12-30,11.748491094599341,2.896231679555448
2025-12-31,11.668403914786404,2.8747736268065136
2026-01-02,11.810707426914089,2.8800432583227695
2026-01-05,11.955211920160822,2.899224665580696
2026-01-06,11.836304602201901,2.9164670131166255
2026-01-07,11.80781146933955,2.9070660728296174
2026-01-08,11.911395146911635,2.9067709425879595
2026-01-09,11.972908271198452,2.9259945480670124
2026-01-12,11.947506947958312,2.930589522657701
2026-01-13,11.933901868945428,2.9247298879643564
2026-01-14,11.947092396959299,2.910354189096523
2026-01-15,11.97258544480529,2.9182797354814705
2026-01-16,11.983142936351257,2.9158345544121844
2026-01-20,11.699113419287764,2.8564776102735596
2026-01-21,11.90715184816842,2.8894444559160046
2026-01-22,11.967752867814294,2.904536495318079
2026-01-23,11.961475681557006,2.9055904216213304
2026-01-26,12.021425293808697,2.9203453898668474
2026-01-27,12.1031640685729,2.9319807774237368
2026-01-28,12.185740042636075,2.9316856471820794
2026-01-29,12.343902968799894,2.9258679534036345
2026-01-30,12.321365639848054,2.917141412735967
2026-02-02,12.447070884904937,2.931643448960953
2026-02-03,12.506009469831083,2.906855339030213
2026-02-04,12.45619595826823,2.892774770404037
2026-02-05,12.304754988114247,2.8566461458518386
2026-02-06,12.1554166911579,2.9114503136209016
2026-02-09,12.17924300146721,2.9254886840259506
2026-02-10,12.026875709616505,2.9177738714404087
2026-02-11,12.013253521103648,2.9170994718210674
2026-02-12,11.902611764671601,2.8720335728017967
2026-02-13,11.888025464899028,2.8740570289660465
2026-02-17,11.823330577337092,2.878694201777861
2026-02-18,11.933781124619648,2.8931962380028464
2026-02-19,11.911081942815533,2.885565821859557
2026-02-20,12.02619265528584,2.9064336141251763
2026-02-23,11.996951058921981,2.8767551420558637
2026-02-24,12.047247982243029,2.8976648752363827
2026-02-25,12.081553512106508,2.922116171316792
2026-02-26,11.954379557746094,2.9058855518629874
2026-02-27,12.167424651351418,2.8919315779001904
2026-03-02,12.156061085122854,2.893575764686757
2026-03-03,12.140557361845657,2.868070799609323
2026-03-04,12.074325877563984,2.888306133170501
2026-03-05,11.9362710740552,2.8722021083800753
2026-03-06,11.918525362376531,2.834555891704689
2026-03-09,11.957382677085574,2.859386457162782
2026-03-10,11.886528576173665,2.854791225265867
2026-03-11,11.927772658359812,2.8512079787573033
2026-03-12,11.893705268673472,2.8079126038817512
2026-03-13,11.887327189927081,2.7920193128907305
